Workbook

Sheet 月度汇总
A1: 月份 | B1: 已完成 | C1: 未完成 | D1: 完成率
A2: 2026-10 | B2: =COUNTIF('2026-10'!D2:D1000,"☑ 已完成") | C2: =COUNTIF('2026-10'!D2:D1000,"☐ 未完成") | D2: =B2/(B2+C2)
A3: 2026-11 | B3: =COUNTIF('2026-11'!D2:D1000,"☑ 已完成") | C3: =COUNTIF('2026-11'!D2:D1000,"☐ 未完成") | D3: =B3/(B3+C3)
A4: 2026-12 | B4: =COUNTIF('2026-12'!D2:D1000,"☑ 已完成") | C4: =COUNTIF('2026-12'!D2:D1000,"☐ 未完成") | D4: =B4/(B4+C4)
A5: 2027-01 | B5: =COUNTIF('2027-01'!D2:D1000,"☑ 已完成") | C5: =COUNTIF('2027-01'!D2:D1000,"☐ 未完成") | D5: =B5/(B5+C5)
A6: 2027-02 | B6: =COUNTIF('2027-02'!D2:D1000,"☑ 已完成") | C6: =COUNTIF('2027-02'!D2:D1000,"☐ 未完成") | D6: =B6/(B6+C6)
A7: 2027-03 | B7: =COUNTIF('2027-03'!D2:D1000,"☑ 已完成") | C7: =COUNTIF('2027-03'!D2:D1000,"☐ 未完成") | D7: =B7/(B7+C7)
A8: 2027-04 | B8: =COUNTIF('2027-04'!D2:D1000,"☑ 已完成") | C8: =COUNTIF('2027-04'!D2:D1000,"☐ 未完成") | D8: =B8/(B8+C8)
A9: 合计 | B9: =SUM(B2:B8) | C9: =SUM(C2:C8) | D9: =B9/(B9+C9)
A11: 任务倒计时
A12: 考试 | B12: 日期 | C12: 剩余天数
A13: CET4 | B13: 2026-12-12 | C13: =DATE(2026,12,12)-TODAY()
A14: 专升本 | B14: 2027-04-17 | C14: =DATE(2027,4,17)-TODAY()

Sheet 2026-10
A1: 日期 | B1: 星期 | C1: 计划事项 | D1: 任务完成 | E1: 完成率 | F1: 实际完成时间 | G1: 备注
A2: 2026-10-02 | B2: 周五 | C2: 1.高等数学（30分钟）：同济第1章·函数与极限 §1.1（约P1–11）·概念理解+例题精做+库课18套2题（库课第1套） | D2: ☐ 未完成 | E2: =COUNTIF(D2:D8,"☑ 已完成")/COUNTA(C2:C8)
C3: 2.专升本英语（30分钟）：锐树网课《入门课》精看+笔记标注→库课2000题词汇语法约15题 | D3: ☐ 未完成
C4: 3.四级阅读（45分钟）：新东方Unit1·Passage1-2限时(8min/篇) | D4: ☐ 未完成
C5: 4.四级听力（30分钟）：新东方Day1·短新闻+长对话 | D5: ☐ 未完成
C6: 5.词汇（45分钟）：不背单词APP四级词本新35词+复习（主动回忆法） | D6: ☐ 未完成
C7: 6.写作翻译（30分钟）：闪过真题·写作模板背诵+仿写1篇 | D7: ☐ 未完成
C8: 7.机动（30分钟）：整理高数错因(概念/计算/审题分类) | D8: ☐ 未完成
A9: 2026-10-03 | B9: 周六 | C9: 1.高等数学（30分钟）：复习第1章·函数与极限 §1.1（约P1–11）→复习对应A日内容+库课18套2道新大题（库课第1套） | D9: ☐ 未完成 | E9: =COUNTIF(D9:D14,"☑ 已完成")/COUNTA(C9:C14)
C10: 2.专升本英语（30分钟）：库课2000题词汇语法·第1-5题巩固+错题标注 | D10: ☐ 未完成
C11: 3.四级阅读（60分钟）：新东方Unit1·Passage1-3限时+生词复习 | D11: ☐ 未完成
C12: 4.四级听力（60分钟）：新东方Day1·完整训练+影子跟读 | D12: ☐ 未完成
C13: 5.词汇（45分钟）：不背单词APP四级词本新35词+复习（本周新词巩固） | D13: ☐ 未完成
C14: 6.写作翻译（15分钟）：闪过真题·翻译练习(英译汉5句) | D14: ☐ 未完成
A15: 2026-10-04 | B15: 周日 | C15: 1.数学模考：同济已学章节阶段自测(总习题+已学库课题)完整卷2小时估分 | D15: ☐ 未完成 | E15: =COUNTIF(D15:D16,"☑ 已完成")/COUNTA(C15:C16) | G15: 模考日
C16: 2.错题归因+周复盘+下周计划+进度自查 | D16: ☐ 未完成
A17: 2026-10-05 | B17: 周一 | C17: 1.高等数学（30分钟）：同济第1章·函数与极限 §1.2（约P11–21）·续讲精做+例题演练+库课18套2题（库课第1套） | D17: ☐ 未完成 | E17: =COUNTIF(D17:D23,"☑ 已完成")/COUNTA(C17:C23)
C18: 2.专升本英语（30分钟）：锐树网课《名词(一)(二)》精看+笔记标注→库课2000题词汇语法约15题 | D18: ☐ 未完成
C19: 3.四级阅读（45分钟）：新东方Unit2·Passage1-2限时(8min/篇) | D19: ☐ 未完成
C20: 4.四级听力（30分钟）：新东方Day2·短文理解+讲座 | D20: ☐ 未完成
C21: 5.词汇（45分钟）：不背单词APP四级词本新35词+复习（错词清零+标记） | D21: ☐ 未完成
C22: 6.写作翻译（30分钟）：闪过真题·翻译练习(汉译英5句) | D22: ☐ 未完成
C23: 7.机动（30分钟）：锐树网课笔记回顾+语法考点整理 | D23: ☐ 未完成
A24: 2026-10-06 | B24: 周二 | C24: 1.高等数学（30分钟）：复习第1章·函数与极限 §1.2（约P11–21）→概念公式默写+库课18套2道计算题（库课第1套） | D24: ☐ 未完成 | E24: =COUNTIF(D24:D29,"☑ 已完成")/COUNTA(C24:C29)
C25: 2.专升本英语（30分钟）：库课2000题词汇语法·第6-10题错题重做 | D25: ☐ 未完成
C26: 3.四级阅读（60分钟）：新东方Unit2·Passage1-3限时+生词复习 | D26: ☐ 未完成
C27: 4.四级听力（60分钟）：新东方Day2·完整训练+影子跟读 | D27: ☐ 未完成
C28: 5.词汇（45分钟）：不背单词APP四级词本新35词+复习（默写本听写验证） | D28: ☐ 未完成
C29: 6.写作翻译（15分钟）：闪过真题·写作模板回顾+限时写作1篇 | D29: ☐ 未完成
A30: 2026-10-07 | B30: 周三 | C30: 1.高等数学（30分钟）：同济第1章·函数与极限 §1.3（约P21–30）·课后习题+综合练习+库课18套2题（库课第1套） | D30: ☐ 未完成 | E30: =COUNTIF(D30:D36,"☑ 已完成")/COUNTA(C30:C36)
C31: 2.专升本英语（30分钟）：锐树网课《入门课＋名词(一)(二)》难点回看+综合练习→库课2000题词汇语法约15题 | D31: ☐ 未完成
C32: 3.四级阅读（45分钟）：Unit1-2·错题重做2篇 | D32: ☐ 未完成
C33: 4.四级听力（30分钟）：Day1-2·错题重听+影子跟读 | D33: ☐ 未完成
C34: 5.词汇（45分钟）：不背单词APP四级词本新35词+复习（生词重点巩固） | D34: ☐ 未完成
C35: 6.写作翻译（30分钟）：闪过真题·写作+翻译综合练习 | D35: ☐ 未完成
C36: 7.机动（30分钟）：进度自查+错题归因+改进计划 | D36: ☐ 未完成
A37: 2026-10-08 | B37: 周四 | C37: 1.高等数学（30分钟）：复习第1章·函数与极限 §1.3（约P21–30）→综合复习+库课18套错题重做（库课第1套） | D37: ☐ 未完成 | E37: =COUNTIF(D37:D42,"☑ 已完成")/COUNTA(C37:C42)
C38: 2.专升本英语（30分钟）：库课2000题词汇语法·第11-15题+本周错题总复习 | D38: ☐ 未完成
C39: 3.四级阅读（60分钟）：Unit1-2·限时4篇+错题分析 | D39: ☐ 未完成
C40: 4.四级听力（60分钟）：Day1-2·关键词默写+跟读 | D40: ☐ 未完成
C41: 5.词汇（45分钟）：不背单词APP四级词本新35词+复习（本周词汇总复习） | D41: ☐ 未完成
C42: 6.写作翻译（15分钟）：闪过真题·翻译练习(英译汉5句) | D42: ☐ 未完成
A43: 2026-10-09 | B43: 周五 | C43: 1.高等数学（30分钟）：同济第1章·函数与极限 §1.4–5（约P30–36）·概念理解+例题精做+库课18套2题（库课第2套） | D43: ☐ 未完成 | E43: =COUNTIF(D43:D49,"☑ 已完成")/COUNTA(C43:C49)
C44: 2.专升本英语（30分钟）：锐树网课《代词(一)(二)》精看+笔记标注→库课2000题词汇语法约15题 | D44: ☐ 未完成
C45: 3.四级阅读（45分钟）：新东方Unit3·Passage1-2限时(8min/篇) | D45: ☐ 未完成
C46: 4.四级听力（30分钟）：新东方Day3·短新闻+长对话 | D46: ☐ 未完成
C47: 5.词汇（45分钟）：不背单词APP四级词本新35词+复习（主动回忆法） | D47: ☐ 未完成
C48: 6.写作翻译（30分钟）：闪过真题·写作模板背诵+仿写1篇 | D48: ☐ 未完成
C49: 7.机动（30分钟）：整理高数错因(概念/计算/审题分类) | D49: ☐ 未完成
A50: 2026-10-10 | B50: 周六 | C50: 1.高等数学（30分钟）：复习第1章·函数与极限 §1.4–5（约P30–36）→复习对应A日内容+库课18套2道新大题（库课第2套） | D50: ☐ 未完成 | E50: =COUNTIF(D50:D55,"☑ 已完成")/COUNTA(C50:C55)
C51: 2.专升本英语（30分钟）：库课2000题词汇语法·第1-5题巩固+错题标注 | D51: ☐ 未完成
C52: 3.四级阅读（60分钟）：新东方Unit3·Passage1-3限时+生词复习 | D52: ☐ 未完成
C53: 4.四级听力（60分钟）：新东方Day3·完整训练+影子跟读 | D53: ☐ 未完成
C54: 5.词汇（45分钟）：不背单词APP四级词本新35词+复习（本周新词巩固） | D54: ☐ 未完成
C55: 6.写作翻译（15分钟）：闪过真题·翻译练习(英译汉5句) | D55: ☐ 未完成
A56: 2026-10-11 | B56: 周日 | C56: 1.四级模考：闪过真题第1套完整真题2小时按710分估分 | D56: ☐ 未完成 | E56: =COUNTIF(D56:D57,"☑ 已完成")/COUNTA(C56:C57) | G56: 模考日
C57: 2.错题归因+周复盘+下周计划 | D57: ☐ 未完成
A58: 2026-10-12 | B58: 周一 | C58: 1.高等数学（30分钟）：同济第1章·函数与极限 §1.6–7（约P36–42）·续讲精做+例题演练+库课18套2题（库课第2套） | D58: ☐ 未完成 | E58: =COUNTIF(D58:D64,"☑ 已完成")/COUNTA(C58:C64)
C59: 2.专升本英语（30分钟）：锐树网课《形容词和副词(一)》精看+笔记标注→库课2000题词汇语法约15题 | D59: ☐ 未完成
C60: 3.四级阅读（45分钟）：新东方Unit4·Passage1-2限时(8min/篇) | D60: ☐ 未完成
C61: 4.四级听力（30分钟）：新东方Day4·短文理解+讲座 | D61: ☐ 未完成
C62: 5.词汇（45分钟）：不背单词APP四级词本新35词+复习（错词清零+标记） | D62: ☐ 未完成
C63: 6.写作翻译（30分钟）：闪过真题·翻译练习(汉译英5句) | D63: ☐ 未完成
C64: 7.机动（30分钟）：锐树网课笔记回顾+语法考点整理 | D64: ☐ 未完成
A65: 2026-10-13 | B65: 周二 | C65: 1.高等数学（30分钟）：复习第1章·函数与极限 §1.6–7（约P36–42）→概念公式默写+库课18套2道计算题（库课第2套） | D65: ☐ 未完成 | E65: =COUNTIF(D65:D70,"☑ 已完成")/COUNTA(C65:C70)
C66: 2.专升本英语（30分钟）：库课2000题词汇语法·第6-10题错题重做 | D66: ☐ 未完成
C67: 3.四级阅读（60分钟）：新东方Unit4·Passage1-3限时+生词复习 | D67: ☐ 未完成
C68: 4.四级听力（60分钟）：新东方Day4·完整训练+影子跟读 | D68: ☐ 未完成
C69: 5.词汇（45分钟）：不背单词APP四级词本新35词+复习（默写本听写验证） | D69: ☐ 未完成
C70: 6.写作翻译（15分钟）：闪过真题·写作模板回顾+限时写作1篇 | D70: ☐ 未完成
A71: 2026-10-14 | B71: 周三 | C71: 1.高等数学（30分钟）：同济第1章·函数与极限 §1.8（约P42–48）·课后习题+综合练习+库课18套2题（库课第2套） | D71: ☐ 未完成 | E71: =COUNTIF(D71:D77,"☑ 已完成")/COUNTA(C71:C77)
C72: 2.专升本英语（30分钟）：锐树网课《代词(一)(二)＋形容词和副词(一)》难点回看+综合练习→库课2000题词汇语法约15题 | D72: ☐ 未完成
C73: 3.四级阅读（45分钟）：Unit3-4·错题重做2篇 | D73: ☐ 未完成
C74: 4.四级听力（30分钟）：Day3-4·错题重听+影子跟读 | D74: ☐ 未完成
C75: 5.词汇（45分钟）：不背单词APP四级词本新35词+复习（生词重点巩固） | D75: ☐ 未完成
C76: 6.写作翻译（30分钟）：闪过真题·写作+翻译综合练习 | D76: ☐ 未完成
C77: 7.机动（30分钟）：进度自查+错题归因+改进计划 | D77: ☐ 未完成
A78: 2026-10-15 | B78: 周四 | C78: 1.高等数学（30分钟）：复习第1章·函数与极限 §1.8（约P42–48）→综合复习+库课18套错题重做（库课第2套） | D78: ☐ 未完成 | E78: =COUNTIF(D78:D83,"☑ 已完成")/COUNTA(C78:C83)
C79: 2.专升本英语（30分钟）：库课2000题词汇语法·第11-15题+本周错题总复习 | D79: ☐ 未完成
C80: 3.四级阅读（60分钟）：Unit3-4·限时4篇+错题分析 | D80: ☐ 未完成
C81: 4.四级听力（60分钟）：Day3-4·关键词默写+跟读 | D81: ☐ 未完成
C82: 5.词汇（45分钟）：不背单词APP四级词本新35词+复习（本周词汇总复习） | D82: ☐ 未完成
C83: 6.写作翻译（15分钟）：闪过真题·翻译练习(英译汉5句) | D83: ☐ 未完成
A84: 2026-10-16 | B84: 周五 | C84: 1.高等数学（30分钟）：同济第2章·导数与微分 §2.1（约P50–59）·概念理解+例题精做+库课18套2题（库课第3套） | D84: ☐ 未完成 | E84: =COUNTIF(D84:D90,"☑ 已完成")/COUNTA(C84:C90)
C85: 2.专升本英语（30分钟）：锐树网课《形容词和副词(二)》精看+笔记标注→库课2000题词汇语法约15题 | D85: ☐ 未完成
C86: 3.四级阅读（45分钟）：新东方Unit5·Passage1-2限时(8min/篇) | D86: ☐ 未完成
C87: 4.四级听力（30分钟）：新东方Day5·短新闻+长对话 | D87: ☐ 未完成
C88: 5.词汇（45分钟）：不背单词APP四级词本新35词+复习（主动回忆法） | D88: ☐ 未完成
C89: 6.写作翻译（30分钟）：闪过真题·写作模板背诵+仿写1篇 | D89: ☐ 未完成
C90: 7.机动（30分钟）：整理高数错因(概念/计算/审题分类) | D90: ☐ 未完成
A91: 2026-10-17 | B91: 周六 | C91: 1.高等数学（30分钟）：复习第2章·导数与微分 §2.1（约P50–59）→复习对应A日内容+库课18套2道新大题（库课第3套） | D91: ☐ 未完成 | E91: =COUNTIF(D91:D96,"☑ 已完成")/COUNTA(C91:C96)
C92: 2.专升本英语（30分钟）：库课2000题词汇语法·第1-5题巩固+错题标注 | D92: ☐ 未完成
C93: 3.四级阅读（60分钟）：新东方Unit5·Passage1-3限时+生词复习 | D93: ☐ 未完成
C94: 4.四级听力（60分钟）：新东方Day5·完整训练+影子跟读 | D94: ☐ 未完成
C95: 5.词汇（45分钟）：不背单词APP四级词本新35词+复习（本周新词巩固） | D95: ☐ 未完成
C96: 6.写作翻译（15分钟）：闪过真题·翻译练习(英译汉5句) | D96: ☐ 未完成
A97: 2026-10-18 | B97: 周日 | C97: 1.数学模考：同济已学章节阶段自测(总习题+已学库课题)完整卷2小时估分 | D97: ☐ 未完成 | E97: =COUNTIF(D97:D98,"☑ 已完成")/COUNTA(C97:C98) | G97: 模考日
C98: 2.错题归因+周复盘+下周计划+进度自查 | D98: ☐ 未完成
A99: 2026-10-19 | B99: 周一 | C99: 1.高等数学（30分钟）：同济第2章·导数与微分 §2.2（约P59–68）·续讲精做+例题演练+库课18套2题（库课第3套） | D99: ☐ 未完成 | E99: =COUNTIF(D99:D105,"☑ 已完成")/COUNTA(C99:C105)
C100: 2.专升本英语（30分钟）：锐树网课《连词介词(一)(二)》精看+笔记标注→库课2000题词汇语法约15题 | D100: ☐ 未完成
...

Sheet 2026-11
A1: 日期 | B1: 星期 | C1: 计划事项 | D1: 任务完成 | E1: 完成率 | F1: 实际完成时间 | G1: 备注
A2: 2026-11-01 | B2: 周日 | C2: 1.数学模考：同济已学章节阶段自测(总习题+已学库课题)完整卷2小时估分 | D2: ☐ 未完成 | E2: =COUNTIF(D2:D3,"☑ 已完成")/COUNTA(C2:C3) | G2: 模考日
C3: 2.错题归因+周复盘+下周计划+进度自查 | D3: ☐ 未完成
A4: 2026-11-02 | B4: 周一 | C4: 1.高等数学（30分钟）：同济第3章·中值定理与导数应用 §3.2（约P105–112）·续讲精做+例题演练+库课18套2题（库课第5套） | D4: ☐ 未完成 | E4: =COUNTIF(D4:D10,"☑ 已完成")/COUNTA(C4:C10)
C5: 2.专升本英语（30分钟）：锐树网课《时态语态(一)(二)》精看+笔记标注→库课2000题词汇语法约15题 | D5: ☐ 未完成
C6: 3.四级阅读（45分钟）：新东方Unit10·Passage1-2限时(8min/篇) | D6: ☐ 未完成
C7: 4.四级听力（30分钟）：新东方Day10·短文理解+讲座 | D7: ☐ 未完成
C8: 5.词汇（45分钟）：不背单词APP四级词本新35词+复习（错词清零+标记） | D8: ☐ 未完成
C9: 6.写作翻译（30分钟）：闪过真题·翻译练习(汉译英5句) | D9: ☐ 未完成
C10: 7.机动（30分钟）：锐树网课笔记回顾+语法考点整理 | D10: ☐ 未完成
A11: 2026-11-03 | B11: 周二 | C11: 1.高等数学（30分钟）：复习第3章·中值定理与导数应用 §3.2（约P105–112）→概念公式默写+库课18套2道计算题（库课第5套） | D11: ☐ 未完成 | E11: =COUNTIF(D11:D16,"☑ 已完成")/COUNTA(C11:C16)
C12: 2.专升本英语（30分钟）：库课2000题词汇语法·第6-10题错题重做 | D12: ☐ 未完成
C13: 3.四级阅读（60分钟）：新东方Unit10·Passage1-3限时+生词复习 | D13: ☐ 未完成
C14: 4.四级听力（60分钟）：新东方Day10·完整训练+影子跟读 | D14: ☐ 未完成
C15: 5.词汇（45分钟）：不背单词APP四级词本新35词+复习（默写本听写验证） | D15: ☐ 未完成
C16: 6.写作翻译（15分钟）：闪过真题·写作模板回顾+限时写作1篇 | D16: ☐ 未完成
A17: 2026-11-04 | B17: 周三 | C17: 1.高等数学（30分钟）：同济第3章·中值定理与导数应用 §3.1–2(全节综合)（约P112–120）·课后习题+综合练习+库课18套2题（库课第5套） | D17: ☐ 未完成 | E17: =COUNTIF(D17:D23,"☑ 已完成")/COUNTA(C17:C23)
C18: 2.专升本英语（30分钟）：锐树网课《动词的分类(二)＋时态语态(一)(二)》难点回看+综合练习→库课2000题词汇语法约15题 | D18: ☐ 未完成
C19: 3.四级阅读（45分钟）：Unit9-10·错题重做2篇 | D19: ☐ 未完成
C20: 4.四级听力（30分钟）：Day9-10·错题重听+影子跟读 | D20: ☐ 未完成
C21: 5.词汇（45分钟）：不背单词APP四级词本新35词+复习（生词重点巩固） | D21: ☐ 未完成
C22: 6.写作翻译（30分钟）：闪过真题·写作+翻译综合练习 | D22: ☐ 未完成
C23: 7.机动（30分钟）：进度自查+错题归因+改进计划 | D23: ☐ 未完成
A24: 2026-11-05 | B24: 周四 | C24: 1.高等数学（30分钟）：复习第3章·中值定理与导数应用 §3.1–2(全节综合)（约P112–120）→综合复习+库课18套错题重做（库课第5套） | D24: ☐ 未完成 | E24: =COUNTIF(D24:D29,"☑ 已完成")/COUNTA(C24:C29)
C25: 2.专升本英语（30分钟）：库课2000题词汇语法·第11-15题+本周错题总复习 | D25: ☐ 未完成
C26: 3.四级阅读（60分钟）：Unit9-10·限时4篇+错题分析 | D26: ☐ 未完成
C27: 4.四级听力（60分钟）：Day9-10·关键词默写+跟读 | D27: ☐ 未完成
C28: 5.词汇（45分钟）：不背单词APP四级词本新35词+复习（本周词汇总复习） | D28: ☐ 未完成
C29: 6.写作翻译（15分钟）：闪过真题·翻译练习(英译汉5句) | D29: ☐ 未完成
A30: 2026-11-06 | B30: 周五 | C30: 1.高等数学（30分钟）：同济第3章 §3.3（约P120–127）·概念理解+例题精做+库课18套2题（库课第6套） | D30: ☐ 未完成 | E30: =COUNTIF(D30:D36,"☑ 已完成")/COUNTA(C30:C36)
C31: 2.专升本英语（30分钟）：锐树网课《非谓语动词(一)(二)》精看+笔记标注→库课2000题词汇语法约15题 | D31: ☐ 未完成
C32: 3.四级阅读（45分钟）：新东方Unit11·Passage1-2限时(8min/篇) | D32: ☐ 未完成
C33: 4.四级听力（30分钟）：新东方Day11·短新闻+长对话 | D33: ☐ 未完成
C34: 5.词汇（45分钟）：不背单词APP四级词本新35词+复习（主动回忆法） | D34: ☐ 未完成
C35: 6.写作翻译（30分钟）：闪过真题·写作模板背诵+仿写1篇 | D35: ☐ 未完成
C36: 7.机动（30分钟）：整理高数错因(概念/计算/审题分类) | D36: ☐ 未完成
A37: 2026-11-07 | B37: 周六 | C37: 1.高等数学（30分钟）：复习第3章 §3.3（约P120–127）→复习对应A日内容+库课18套2道新大题（库课第6套） | D37: ☐ 未完成 | E37: =COUNTIF(D37:D42,"☑ 已完成")/COUNTA(C37:C42)
C38: 2.专升本英语（30分钟）：库课2000题词汇语法·第1-5题巩固+错题标注 | D38: ☐ 未完成
C39: 3.四级阅读（60分钟）：新东方Unit11·Passage1-3限时+生词复习 | D39: ☐ 未完成
C40: 4.四级听力（60分钟）：新东方Day11·完整训练+影子跟读 | D40: ☐ 未完成
C41: 5.词汇（45分钟）：不背单词APP四级词本新35词+复习（本周新词巩固） | D41: ☐ 未完成
C42: 6.写作翻译（15分钟）：闪过真题·翻译练习(英译汉5句) | D42: ☐ 未完成
A43: 2026-11-08 | B43: 周日 | C43: 1.四级模考：闪过真题第3套完整真题2小时按710分估分 | D43: ☐ 未完成 | E43: =COUNTIF(D43:D44,"☑ 已完成")/COUNTA(C43:C44) | G43: 模考日
C44: 2.错题归因+周复盘+下周计划 | D44: ☐ 未完成
A45: 2026-11-09 | B45: 周一 | C45: 1.高等数学（30分钟）：同济第3章 §3.4（约P127–134）·续讲精做+例题演练+库课18套2题（库课第6套） | D45: ☐ 未完成 | E45: =COUNTIF(D45:D51,"☑ 已完成")/COUNTA(C45:C51)
C46: 2.专升本英语（30分钟）：锐树网课《主谓一致》精看+笔记标注→库课2000题词汇语法约15题 | D46: ☐ 未完成
C47: 3.四级阅读（45分钟）：新东方Unit12·Passage1-2限时(8min/篇) | D47: ☐ 未完成
C48: 4.四级听力（30分钟）：新东方Day12·短文理解+讲座 | D48: ☐ 未完成
C49: 5.词汇（45分钟）：不背单词APP四级词本新35词+复习（错词清零+标记） | D49: ☐ 未完成
C50: 6.写作翻译（30分钟）：闪过真题·翻译练习(汉译英5句) | D50: ☐ 未完成
C51: 7.机动（30分钟）：锐树网课笔记回顾+语法考点整理 | D51: ☐ 未完成
A52: 2026-11-10 | B52: 周二 | C52: 1.高等数学（30分钟）：复习第3章 §3.4（约P127–134）→概念公式默写+库课18套2道计算题（库课第6套） | D52: ☐ 未完成 | E52: =COUNTIF(D52:D57,"☑ 已完成")/COUNTA(C52:C57)
C53: 2.专升本英语（30分钟）：库课2000题词汇语法·第6-10题错题重做 | D53: ☐ 未完成
C54: 3.四级阅读（60分钟）：新东方Unit12·Passage1-3限时+生词复习 | D54: ☐ 未完成
C55: 4.四级听力（60分钟）：新东方Day12·完整训练+影子跟读 | D55: ☐ 未完成
C56: 5.词汇（45分钟）：不背单词APP四级词本新35词+复习（默写本听写验证） | D56: ☐ 未完成
C57: 6.写作翻译（15分钟）：闪过真题·写作模板回顾+限时写作1篇 | D57: ☐ 未完成
A58: 2026-11-11 | B58: 周三 | C58: 1.高等数学（30分钟）：同济第3章 §3.5（约P134–140）·课后习题+综合练习+库课18套2题（库课第6套） | D58: ☐ 未完成 | E58: =COUNTIF(D58:D64,"☑ 已完成")/COUNTA(C58:C64)
C59: 2.专升本英语（30分钟）：锐树网课《非谓语动词(一)(二)＋主谓一致》难点回看+综合练习→库课2000题词汇语法约15题 | D59: ☐ 未完成
C60: 3.四级阅读（45分钟）：Unit11-12·错题重做2篇 | D60: ☐ 未完成
C61: 4.四级听力（30分钟）：Day11-12·错题重听+影子跟读 | D61: ☐ 未完成
C62: 5.词汇（45分钟）：不背单词APP四级词本新35词+复习（生词重点巩固） | D62: ☐ 未完成
C63: 6.写作翻译（30分钟）：闪过真题·写作+翻译综合练习 | D63: ☐ 未完成
C64: 7.机动（30分钟）：进度自查+错题归因+改进计划 | D64: ☐ 未完成
A65: 2026-11-12 | B65: 周四 | C65: 1.高等数学（30分钟）：复习第3章 §3.5（约P134–140）→综合复习+库课18套错题重做（库课第6套） | D65: ☐ 未完成 | E65: =COUNTIF(D65:D70,"☑ 已完成")/COUNTA(C65:C70)
C66: 2.专升本英语（30分钟）：库课2000题词汇语法·第11-15题+本周错题总复习 | D66: ☐ 未完成
C67: 3.四级阅读（60分钟）：Unit11-12·限时4篇+错题分析 | D67: ☐ 未完成
C68: 4.四级听力（60分钟）：Day11-12·关键词默写+跟读 | D68: ☐ 未完成
C69: 5.词汇（45分钟）：不背单词APP四级词本新35词+复习（本周词汇总复习） | D69: ☐ 未完成
C70: 6.写作翻译（15分钟）：闪过真题·翻译练习(英译汉5句) | D70: ☐ 未完成
A71: 2026-11-13 | B71: 周五 | C71: 1.高等数学（30分钟）：同济第3章综合复习+例题（约P140–143）·概念理解+例题精做+库课18套2题（库课第7套） | D71: ☐ 未完成 | E71: =COUNTIF(D71:D77,"☑ 已完成")/COUNTA(C71:C77)
C72: 2.专升本英语（30分钟）：锐树网课《词语辨析》精看+笔记标注→库课2000题词汇语法约15题 | D72: ☐ 未完成
C73: 3.四级阅读（45分钟）：新东方Unit13·Passage1-2限时(8min/篇) | D73: ☐ 未完成
C74: 4.四级听力（30分钟）：新东方Day13·短新闻+长对话 | D74: ☐ 未完成
C75: 5.词汇（45分钟）：不背单词APP四级词本新35词+复习（主动回忆法） | D75: ☐ 未完成
C76: 6.写作翻译（30分钟）：闪过真题·写作模板背诵+仿写1篇 | D76: ☐ 未完成
C77: 7.机动（30分钟）：整理高数错因(概念/计算/审题分类) | D77: ☐ 未完成
A78: 2026-11-14 | B78: 周六 | C78: 1.高等数学（30分钟）：复习第3章综合复习+例题（约P140–143）→复习对应A日内容+库课18套2道新大题（库课第7套） | D78: ☐ 未完成 | E78: =COUNTIF(D78:D83,"☑ 已完成")/COUNTA(C78:C83)
C79: 2.专升本英语（30分钟）：库课2000题词汇语法·第1-5题巩固+错题标注 | D79: ☐ 未完成
C80: 3.四级阅读（60分钟）：新东方Unit13·Passage1-3限时+生词复习 | D80: ☐ 未完成
C81: 4.四级听力（60分钟）：新东方Day13·完整训练+影子跟读 | D81: ☐ 未完成
C82: 5.词汇（45分钟）：不背单词APP四级词本新35词+复习（本周新词巩固） | D82: ☐ 未完成
C83: 6.写作翻译（15分钟）：闪过真题·翻译练习(英译汉5句) | D83: ☐ 未完成
A84: 2026-11-15 | B84: 周日 | C84: 1.数学模考：同济已学章节阶段自测(总习题+已学库课题)完整卷2小时估分 | D84: ☐ 未完成 | E84: =COUNTIF(D84:D85,"☑ 已完成")/COUNTA(C84:C85) | G84: 模考日
C85: 2.错题归因+周复盘+下周计划+进度自查 | D85: ☐ 未完成
A86: 2026-11-16 | B86: 周一 | C86: 1.高等数学（30分钟）：同济第3章综合复习+例题（约P143–146）·续讲精做+例题演练+库课18套2题（库课第7套） | D86: ☐ 未完成 | E86: =COUNTIF(D86:D92,"☑ 已完成")/COUNTA(C86:C92)
C87: 2.专升本英语（30分钟）：锐树网课《定语从句》精看+笔记标注→库课2000题词汇语法约15题 | D87: ☐ 未完成
C88: 3.四级阅读（45分钟）：新东方Unit14·Passage1-2限时(8min/篇) | D88: ☐ 未完成
C89: 4.四级听力（30分钟）：新东方Day14·短文理解+讲座 | D89: ☐ 未完成
C90: 5.词汇（45分钟）：不背单词APP四级词本新35词+复习，闪过默写本20词（错词清零+标记） | D90: ☐ 未完成
C91: 6.写作翻译（30分钟）：闪过真题·翻译练习(汉译英5句) | D91: ☐ 未完成
C92: 7.机动（30分钟）：锐树网课笔记回顾+语法考点整理 | D92: ☐ 未完成
A93: 2026-11-17 | B93: 周二 | C93: 1.高等数学（30分钟）：复习第3章综合复习+例题（约P143–146）→概念公式默写+库课18套2道计算题（库课第7套） | D93: ☐ 未完成 | E93: =COUNTIF(D93:D98,"☑ 已完成")/COUNTA(C93:C98)
C94: 2.专升本英语（30分钟）：库课2000题词汇语法·第6-10题错题重做 | D94: ☐ 未完成
C95: 3.四级阅读（60分钟）：新东方Unit14·Passage1-3限时+生词复习 | D95: ☐ 未完成
C96: 4.四级听力（60分钟）：新东方Day14·完整训练+影子跟读 | D96: ☐ 未完成
C97: 5.词汇（45分钟）：不背单词APP四级词本新35词+复习，闪过默写本20词（默写本听写验证） | D97: ☐ 未完成
C98: 6.写作翻译（15分钟）：闪过真题·写作模板回顾+限时写作1篇 | D98: ☐ 未完成
A99: 2026-11-18 | B99: 周三 | C99: 1.高等数学（30分钟）：同济第3章综合复习+例题（约P146–148）·课后习题+综合练习+库课18套2题（库课第7套） | D99: ☐ 未完成 | E99: =COUNTIF(D99:D105,"☑ 已完成")/COUNTA(C99:C105)
C100: 2.专升本英语（30分钟）：锐树网课《名词性从句》难点回看+综合练习→库课2000题词汇语法约15题 | D100: ☐ 未完成
...

Sheet 2026-12
A1: 日期 | B1: 星期 | C1: 计划事项 | D1: 任务完成 | E1: 完成率 | F1: 实际完成时间 | G1: 备注
A2: 2026-12-01 | B2: 周二 | C2: 1.高等数学（30分钟）：复习第4章·不定积分 §4.4（约P178–184）→概念公式默写+库课18套2道计算题（库课第9套） | D2: ☐ 未完成 | E2: =COUNTIF(D2:D7,"☑ 已完成")/COUNTA(C2:C7)
C3: 2.专升本英语（30分钟）：库课2000题阅读·第6-10题错题重做 | D3: ☐ 未完成
C4: 3.四级阅读（60分钟）：新东方Unit18·Passage1-3限时+生词复习 | D4: ☐ 未完成
C5: 4.四级听力（60分钟）：新东方Day18·完整训练+影子跟读 | D5: ☐ 未完成
C6: 5.词汇（45分钟）：不背单词APP四级词本新35词+复习，闪过默写本20词（默写本听写验证） | D6: ☐ 未完成
C7: 6.写作翻译（15分钟）：闪过真题·写作模板回顾+限时写作1篇 | D7: ☐ 未完成
A8: 2026-12-02 | B8: 周三 | C8: 1.高等数学（30分钟）：同济第4章·不定积分 §4.3–4(全节综合)（约P184–190）·课后习题+综合练习+库课18套2题（库课第9套） | D8: ☐ 未完成 | E8: =COUNTIF(D8:D14,"☑ 已完成")/COUNTA(C8:C14)
C9: 2.专升本英语（30分钟）：锐树网课《习题精析·连词成句》难点回看+综合练习→库课2000题阅读约15题 | D9: ☐ 未完成
C10: 3.四级阅读（45分钟）：Unit17-18·错题重做2篇 | D10: ☐ 未完成
C11: 4.四级听力（30分钟）：Day17-18·错题重听+影子跟读 | D11: ☐ 未完成
C12: 5.词汇（45分钟）：不背单词APP四级词本新35词+复习，闪过默写本20词（生词重点巩固） | D12: ☐ 未完成
C13: 6.写作翻译（30分钟）：闪过真题·写作+翻译综合练习 | D13: ☐ 未完成
C14: 7.机动（30分钟）：进度自查+错题归因+改进计划 | D14: ☐ 未完成
A15: 2026-12-03 | B15: 周四 | C15: 1.高等数学（30分钟）：复习第4章·不定积分 §4.3–4(全节综合)（约P184–190）→综合复习+库课18套错题重做（库课第9套） | D15: ☐ 未完成 | E15: =COUNTIF(D15:D20,"☑ 已完成")/COUNTA(C15:C20)
C16: 2.专升本英语（30分钟）：库课2000题阅读·第11-15题+本周错题总复习 | D16: ☐ 未完成
C17: 3.四级阅读（60分钟）：Unit17-18·限时4篇+错题分析 | D17: ☐ 未完成
C18: 4.四级听力（60分钟）：Day17-18·关键词默写+跟读 | D18: ☐ 未完成
C19: 5.词汇（45分钟）：不背单词APP四级词本新35词+复习，闪过默写本20词（本周词汇总复习） | D19: ☐ 未完成
C20: 6.写作翻译（15分钟）：闪过真题·翻译练习(英译汉5句) | D20: ☐ 未完成
A21: 2026-12-04 | B21: 周五 | C21: 1.高等数学（30分钟）：同济第4章综合复习+例题（约P190–192）·概念理解+例题精做+库课18套2题（库课第10套） | D21: ☐ 未完成 | E21: =COUNTIF(D21:D27,"☑ 已完成")/COUNTA(C21:C27)
C22: 2.专升本英语（30分钟）：锐树网课《连词成句(三)(四)》精看+笔记标注→库课2000题阅读约15题 | D22: ☐ 未完成
C23: 3.四级阅读（45分钟）：新东方Unit19·Passage1-2限时(8min/篇) | D23: ☐ 未完成
C24: 4.四级听力（30分钟）：新东方Day19·短新闻+长对话 | D24: ☐ 未完成
C25: 5.词汇（45分钟）：不背单词APP四级词本新35词+复习，闪过默写本20词（主动回忆法） | D25: ☐ 未完成
C26: 6.写作翻译（30分钟）：闪过真题·写作模板背诵+仿写1篇 | D26: ☐ 未完成
C27: 7.机动（30分钟）：整理高数错因(概念/计算/审题分类) | D27: ☐ 未完成
A28: 2026-12-05 | B28: 周六 | C28: 1.高等数学（30分钟）：复习第4章综合复习+例题（约P190–192）→复习对应A日内容+库课18套2道新大题（库课第10套） | D28: ☐ 未完成 | E28: =COUNTIF(D28:D33,"☑ 已完成")/COUNTA(C28:C33)
C29: 2.专升本英语（30分钟）：库课2000题阅读·第1-5题巩固+错题标注 | D29: ☐ 未完成
C30: 3.四级阅读（60分钟）：新东方Unit19·Passage1-3限时+生词复习 | D30: ☐ 未完成
C31: 4.四级听力（60分钟）：新东方Day19·完整训练+影子跟读 | D31: ☐ 未完成
C32: 5.词汇（45分钟）：不背单词APP四级词本新35词+复习，闪过默写本20词（本周新词巩固） | D32: ☐ 未完成
C33: 6.写作翻译（15分钟）：闪过真题·翻译练习(英译汉5句) | D33: ☐ 未完成
A34: 2026-12-06 | B34: 周日 | C34: 1.四级模考：闪过真题第5套完整真题2小时按710分估分 | D34: ☐ 未完成 | E34: =COUNTIF(D34:D35,"☑ 已完成")/COUNTA(C34:C35) | G34: 模考日
C35: 2.错题归因+周复盘+下周计划 | D35: ☐ 未完成
A36: 2026-12-07 | B36: 周一 | C36: 1.高等数学（30分钟）：同济第4章综合复习+例题（约P192–194）·续讲精做+例题演练+库课18套2题（库课第10套） | D36: ☐ 未完成 | E36: =COUNTIF(D36:D42,"☑ 已完成")/COUNTA(C36:C42)
C37: 2.专升本英语（30分钟）：锐树网课《篇章填空(一)》精看+笔记标注→库课2000题阅读约15题 | D37: ☐ 未完成
C38: 3.四级阅读（45分钟）：新东方Unit20·Passage1-2限时(8min/篇) | D38: ☐ 未完成
C39: 4.四级听力（30分钟）：新东方Day20·短文理解+讲座 | D39: ☐ 未完成
C40: 5.词汇（45分钟）：不背单词APP四级词本新35词+复习，闪过默写本20词（错词清零+标记） | D40: ☐ 未完成
C41: 6.写作翻译（30分钟）：闪过真题·翻译练习(汉译英5句) | D41: ☐ 未完成
C42: 7.机动（30分钟）：锐树网课笔记回顾+语法考点整理 | D42: ☐ 未完成
A43: 2026-12-08 | B43: 周二 | C43: 1.高等数学（30分钟）：复习第4章综合复习+例题（约P192–194）→概念公式默写+库课18套2道计算题（库课第10套） | D43: ☐ 未完成 | E43: =COUNTIF(D43:D48,"☑ 已完成")/COUNTA(C43:C48)
C44: 2.专升本英语（30分钟）：库课2000题阅读·第6-10题错题重做 | D44: ☐ 未完成
C45: 3.四级阅读（60分钟）：新东方Unit20·Passage1-3限时+生词复习 | D45: ☐ 未完成
C46: 4.四级听力（60分钟）：新东方Day20·完整训练+影子跟读 | D46: ☐ 未完成
C47: 5.词汇（45分钟）：不背单词APP四级词本新35词+复习，闪过默写本20词（默写本听写验证） | D47: ☐ 未完成
C48: 6.写作翻译（15分钟）：闪过真题·写作模板回顾+限时写作1篇 | D48: ☐ 未完成
A49: 2026-12-09 | B49: 周三 | C49: 1.高等数学（30分钟）：同济第4章综合复习+例题（约P194–196）·课后习题+综合练习+库课18套2题（库课第10套） | D49: ☐ 未完成 | E49: =COUNTIF(D49:D55,"☑ 已完成")/COUNTA(C49:C55)
C50: 2.专升本英语（30分钟）：锐树网课《习题精析·篇章填空》难点回看+综合练习→库课2000题阅读约15题 | D50: ☐ 未完成
C51: 3.四级阅读（45分钟）：Unit19-20·错题重做2篇 | D51: ☐ 未完成
C52: 4.四级听力（30分钟）：Day19-20·错题重听+影子跟读 | D52: ☐ 未完成
C53: 5.词汇（45分钟）：不背单词APP四级词本新35词+复习，闪过默写本20词（生词重点巩固） | D53: ☐ 未完成
C54: 6.写作翻译（30分钟）：闪过真题·写作+翻译综合练习 | D54: ☐ 未完成
C55: 7.机动（30分钟）：进度自查+错题归因+改进计划 | D55: ☐ 未完成
A56: 2026-12-10 | B56: 周四 | C56: 1.高等数学（30分钟）：复习第4章综合复习+例题（约P194–196）→综合复习+库课18套错题重做（库课第10套） | D56: ☐ 未完成 | E56: =COUNTIF(D56:D61,"☑ 已完成")/COUNTA(C56:C61) | G56: 里程碑·数学前5章完成/锐树网课语法看完
C57: 2.专升本英语（30分钟）：库课2000题阅读·第11-15题+本周错题总复习 | D57: ☐ 未完成
C58: 3.四级阅读（60分钟）：Unit19-20·限时4篇+错题分析 | D58: ☐ 未完成
C59: 4.四级听力（60分钟）：Day19-20·关键词默写+跟读 | D59: ☐ 未完成
C60: 5.词汇（45分钟）：不背单词APP四级词本新35词+复习，闪过默写本20词（本周词汇总复习） | D60: ☐ 未完成
C61: 6.写作翻译（15分钟）：闪过真题·翻译练习(英译汉5句) | D61: ☐ 未完成
A62: 2026-12-11 | B62: 周五 | C62: 1.高等数学（30分钟）：同济第5章·定积分 §5.1（约P198–205）·概念理解+例题精做+库课18套2题（库课第11套） | D62: ☐ 未完成 | E62: =COUNTIF(D62:D68,"☑ 已完成")/COUNTA(C62:C68)
C63: 2.专升本英语（30分钟）：锐树网课《篇章填空(二)(三)(四)》精看(约20–25min)+笔记标注→库课2000题阅读约15题 | D63: ☐ 未完成
C64: 3.四级阅读（45分钟）：新东方Unit21·Passage1-2限时(8min/篇) | D64: ☐ 未完成
C65: 4.四级听力（30分钟）：新东方Day21·短新闻+长对话 | D65: ☐ 未完成
C66: 5.词汇（45分钟）：不背单词APP四级词本新35词+复习，闪过默写本20词（主动回忆法） | D66: ☐ 未完成
C67: 6.写作翻译（30分钟）：闪过真题·写作模板背诵+仿写1篇 | D67: ☐ 未完成
C68: 7.机动（30分钟）：整理高数错因(概念/计算/审题分类) | D68: ☐ 未完成
A69: 2026-12-12 | B69: 周六 | C69: CET4 考试日（笔试 2026-12-12，以准考证为准） | D69: ☐ 未完成 | E69: =COUNTIF(D69:D69,"☑ 已完成")/COUNTA(C69:C69) | G69: CET4考试日
A70: 2026-12-13 | B70: 周日 | C70: 1.专升本数学模考：库课18套完整卷第3套2小时估分 | D70: ☐ 未完成 | E70: =COUNTIF(D70:D71,"☑ 已完成")/COUNTA(C70:C71) | G70: 模考日
C71: 2.错题归因+周复盘 | D71: ☐ 未完成
A72: 2026-12-14 | B72: 周一 | C72: 1.高等数学（90分钟）：同济第5章·定积分 §5.2（约P205–212）·续讲精做+例题演练+库课18套2题（库课第11套） | D72: ☐ 未完成 | E72: =COUNTIF(D72:D75,"☑ 已完成")/COUNTA(C72:C75)
C73: 2.专升本英语（75分钟）：锐树网课《篇章填空(二)(三)(四)》难点回看+重点标注→库课2000题阅读约25题 | D73: ☐ 未完成
C74: 3.专升本英语翻译专项(库课翻译练习)（45分钟） | D74: ☐ 未完成
C75: 4.词汇（30分钟）：不背单词APP转专升本词本+高频词（错词巩固） | D75: ☐ 未完成
A76: 2026-12-15 | B76: 周二 | C76: 1.高等数学（75分钟）：复习第5章·定积分 §5.1（约P198–205）→复习对应A日内容+库课18套2道新大题（库课第11套） | D76: ☐ 未完成 | E76: =COUNTIF(D76:D79,"☑ 已完成")/COUNTA(C76:C79)
C77: 2.专升本英语（90分钟）：锐树网课回看+库课2000题阅读·第1-5题巩固+错题标注 | D77: ☐ 未完成
C78: 3.专升本英语完形填空专项(库课完形)（45分钟） | D78: ☐ 未完成
C79: 4.词汇（30分钟）：不背单词APP转专升本词本+高频词（新词巩固） | D79: ☐ 未完成
A80: 2026-12-16 | B80: 周三 | C80: 1.高等数学（90分钟）：同济第5章·定积分 §5.1–2(全节综合)（约P212–220）·课后习题+综合练习+库课18套2题（库课第11套） | D80: ☐ 未完成 | E80: =COUNTIF(D80:D83,"☑ 已完成")/COUNTA(C80:C83)
C81: 2.专升本英语（75分钟）：锐树网课《篇章填空(二)(三)(四)》综合练习+笔记整理→库课2000题阅读约25题 | D81: ☐ 未完成
C82: 3.专升本英语阅读+翻译综合练习（45分钟） | D82: ☐ 未完成
C83: 4.词汇（30分钟）：不背单词APP转专升本词本+高频词（生词强化） | D83: ☐ 未完成
A84: 2026-12-17 | B84: 周四 | C84: 1.高等数学（75分钟）：复习第5章·定积分 §5.2（约P205–212）→概念公式默写+库课18套2道计算题（库课第11套） | D84: ☐ 未完成 | E84: =COUNTIF(D84:D87,"☑ 已完成")/COUNTA(C84:C87)
C85: 2.专升本英语（90分钟）：锐树网课回看+库课2000题阅读·第6-10题错题重做 | D85: ☐ 未完成
C86: 3.专升本英语写作专项(库课写作)（45分钟） | D86: ☐ 未完成
C87: 4.词汇（30分钟）：不背单词APP转专升本词本+高频词（听写验证） | D87: ☐ 未完成
A88: 2026-12-18 | B88: 周五 | C88: 1.高等数学（90分钟）：同济第5章·定积分 §5.3（约P220–226）·概念理解+例题精做+库课18套2题（库课第12套） | D88: ☐ 未完成 | E88: =COUNTIF(D88:D91,"☑ 已完成")/COUNTA(C88:C91)
C89: 2.专升本英语（75分钟）：锐树网课《篇章填空(五)(六)(七)》精看(约20–25min)+笔记标注→库课2000题阅读约25题 | D89: ☐ 未完成
C90: 3.专升本英语阅读专项(库课阅读理解)（45分钟） | D90: ☐ 未完成
C91: 4.词汇（30分钟）：不背单词APP转专升本词本+高频词（主动回忆） | D91: ☐ 未完成
A92: 2026-12-19 | B92: 周六 | C92: 1.高等数学（75分钟）：复习第5章·定积分 §5.3（约P220–226）→复习对应A日内容+库课18套2道新大题（库课第12套） | D92: ☐ 未完成 | E92: =COUNTIF(D92:D95,"☑ 已完成")/COUNTA(C92:C95)
C93: 2.专升本英语（90分钟）：锐树网课回看+库课2000题阅读·第1-5题巩固+错题标注 | D93: ☐ 未完成
C94: 3.专升本英语完形填空专项(库课完形)（45分钟） | D94: ☐ 未完成
C95: 4.词汇（30分钟）：不背单词APP转专升本词本+高频词（新词巩固） | D95: ☐ 未完成
A96: 2026-12-20 | B96: 周日 | C96: 1.专升本英语模考：真题综合（约2小时） | D96: ☐ 未完成 | E96: =COUNTIF(D96:D97,"☑ 已完成")/COUNTA(C96:C97) | G96: 模考日
C97: 2.错题归因+周复盘 | D97: ☐ 未完成
A98: 2026-12-21 | B98: 周一 | C98: 1.高等数学（90分钟）：同济第5章·定积分 §5.3(全节综合)（约P226–232）·续讲精做+例题演练+库课18套2题（库课第12套） | D98: ☐ 未完成 | E98: =COUNTIF(D98:D101,"☑ 已完成")/COUNTA(C98:C101)
C99: 2.专升本英语（75分钟）：锐树网课《篇章填空(五)(六)(七)》难点回看+重点标注→库课2000题阅读约25题 | D99: ☐ 未完成
C100: 3.专升本英语翻译专项(库课翻译练习)（45分钟） | D100: ☐ 未完成
...

Sheet 2027-01
A1: 日期 | B1: 星期 | C1: 计划事项 | D1: 任务完成 | E1: 完成率 | F1: 实际完成时间 | G1: 备注
A2: 2027-01-01 | B2: 周五 | C2: 【节假日·约2小时】1.词汇：不背单词APP转专升本词本+高频词（不变） | D2: ☐ 未完成 | E2: =COUNTIF(D2:D4,"☑ 已完成")/COUNTA(C2:C4) | G2: 节假日·减半(约2小时)
C3: 2.高等数学：只复习本周错题40分钟 | D3: ☐ 未完成
C4: 3.专升本英语：库课2000题错题回顾30分钟 | D4: ☐ 未完成
A5: 2027-01-02 | B5: 周六 | C5: 1.高等数学（75分钟）：复习第5章综合+库课章节汇总→复习对应A日内容+库课18套2道新大题（库课第14套） | D5: ☐ 未完成 | E5: =COUNTIF(D5:D8,"☑ 已完成")/COUNTA(C5:C8)
C6: 2.专升本英语（90分钟）：锐树网课回看+库课2000题翻译·第1-5题巩固+错题标注 | D6: ☐ 未完成
C7: 3.专升本英语完形填空专项(库课完形)（45分钟） | D7: ☐ 未完成
C8: 4.词汇（30分钟）：不背单词APP转专升本词本+高频词（新词巩固） | D8: ☐ 未完成
A9: 2027-01-03 | B9: 周日 | C9: 1.专升本英语模考：真题综合（约2小时） | D9: ☐ 未完成 | E9: =COUNTIF(D9:D10,"☑ 已完成")/COUNTA(C9:C10) | G9: 模考日
C10: 2.错题归因+周复盘 | D10: ☐ 未完成
A11: 2027-01-04 | B11: 周一 | C11: 1.高等数学（90分钟）：同济第5章综合+库课章节汇总·概念理解+例题精做+库课18套2题（库课第14套） | D11: ☐ 未完成 | E11: =COUNTIF(D11:D14,"☑ 已完成")/COUNTA(C11:C14)
C12: 2.专升本英语（75分钟）：锐树网课《阅读问答(二)(三)》精看+笔记标注→库课2000题翻译约25题 | D12: ☐ 未完成
C13: 3.专升本英语阅读专项(库课阅读理解)（45分钟） | D13: ☐ 未完成
C14: 4.词汇（30分钟）：不背单词APP转专升本词本+高频词（主动回忆） | D14: ☐ 未完成
A15: 2027-01-05 | B15: 周二 | C15: 1.高等数学（75分钟）：复习第5章综合+库课章节汇总→概念公式默写+库课18套2道计算题（库课第14套） | D15: ☐ 未完成 | E15: =COUNTIF(D15:D18,"☑ 已完成")/COUNTA(C15:C18)
C16: 2.专升本英语（90分钟）：锐树网课回看+库课2000题翻译·第6-10题错题重做 | D16: ☐ 未完成
C17: 3.专升本英语写作专项(库课写作)（45分钟） | D17: ☐ 未完成
C18: 4.词汇（30分钟）：不背单词APP转专升本词本+高频词（听写验证） | D18: ☐ 未完成
A19: 2027-01-06 | B19: 周三 | C19: 1.高等数学（90分钟）：同济第5章综合+库课章节汇总·续讲精做+例题演练+库课18套2题（库课第14套） | D19: ☐ 未完成 | E19: =COUNTIF(D19:D22,"☑ 已完成")/COUNTA(C19:C22)
C20: 2.专升本英语（75分钟）：锐树网课《英译汉》精看+笔记标注→库课2000题翻译约25题 | D20: ☐ 未完成
C21: 3.专升本英语翻译专项(库课翻译练习)（45分钟） | D21: ☐ 未完成
C22: 4.词汇（30分钟）：不背单词APP转专升本词本+高频词（错词巩固） | D22: ☐ 未完成
A23: 2027-01-07 | B23: 周四 | C23: 1.高等数学（75分钟）：复习第5章综合+库课章节汇总→综合复习+库课18套错题重做（库课第14套） | D23: ☐ 未完成 | E23: =COUNTIF(D23:D26,"☑ 已完成")/COUNTA(C23:C26)
C24: 2.专升本英语（90分钟）：锐树网课回看+库课2000题翻译·第11-15题+本周错题总复习 | D24: ☐ 未完成
C25: 3.专升本英语完形+写作综合练习（45分钟） | D25: ☐ 未完成
C26: 4.词汇（30分钟）：不背单词APP转专升本词本+高频词（总复习） | D26: ☐ 未完成
A27: 2027-01-08 | B27: 周五 | C27: 1.高等数学（90分钟）：同济第6章·微分方程 §6.1（约P260–265）·概念理解+例题精做+库课18套2题（库课第15套） | D27: ☐ 未完成 | E27: =COUNTIF(D27:D30,"☑ 已完成")/COUNTA(C27:C30)
C28: 2.专升本英语（75分钟）：锐树网课《汉译英》精看+笔记标注→库课2000题写作约25题 | D28: ☐ 未完成
C29: 3.专升本英语阅读专项(库课阅读理解)（45分钟） | D29: ☐ 未完成
C30: 4.词汇（30分钟）：不背单词APP转专升本词本+高频词（主动回忆） | D30: ☐ 未完成
A31: 2027-01-09 | B31: 周六 | C31: 1.高等数学（75分钟）：复习第6章·微分方程 §6.1（约P260–265）→复习对应A日内容+库课18套2道新大题（库课第15套） | D31: ☐ 未完成 | E31: =COUNTIF(D31:D34,"☑ 已完成")/COUNTA(C31:C34)
C32: 2.专升本英语（90分钟）：锐树网课回看+库课2000题写作·第1-5题巩固+错题标注 | D32: ☐ 未完成
C33: 3.专升本英语完形填空专项(库课完形)（45分钟） | D33: ☐ 未完成
C34: 4.词汇（30分钟）：不背单词APP转专升本词本+高频词（新词巩固） | D34: ☐ 未完成
A35: 2027-01-10 | B35: 周日 | C35: 1.专升本数学模考：库课18套完整卷第5套2小时估分 | D35: ☐ 未完成 | E35: =COUNTIF(D35:D36,"☑ 已完成")/COUNTA(C35:C36) | G35: 模考日
C36: 2.错题归因+周复盘 | D36: ☐ 未完成
A37: 2027-01-11 | B37: 周一 | C37: 1.高等数学（90分钟）：同济第6章·微分方程 §6.2（约P265–270）·续讲精做+例题演练+库课18套2题（库课第15套） | D37: ☐ 未完成 | E37: =COUNTIF(D37:D40,"☑ 已完成")/COUNTA(C37:C40)
C38: 2.专升本英语（75分钟）：锐树网课《写作(提纲/命题图景)》精看+笔记标注→库课2000题写作约25题 | D38: ☐ 未完成
C39: 3.专升本英语翻译专项(库课翻译练习)（45分钟） | D39: ☐ 未完成
C40: 4.词汇（30分钟）：不背单词APP转专升本词本+高频词（错词巩固） | D40: ☐ 未完成
A41: 2027-01-12 | B41: 周二 | C41: 1.高等数学（75分钟）：复习第6章·微分方程 §6.2（约P265–270）→概念公式默写+库课18套2道计算题（库课第15套） | D41: ☐ 未完成 | E41: =COUNTIF(D41:D44,"☑ 已完成")/COUNTA(C41:C44)
C42: 2.专升本英语（90分钟）：锐树网课回看+库课2000题写作·第6-10题错题重做 | D42: ☐ 未完成
C43: 3.专升本英语写作专项(库课写作)（45分钟） | D43: ☐ 未完成
C44: 4.词汇（30分钟）：不背单词APP转专升本词本+高频词（听写验证） | D44: ☐ 未完成
A45: 2027-01-13 | B45: 周三 | C45: 1.高等数学（90分钟）：同济第6章·微分方程 §6.1–2(全节综合)（约P270–276）·课后习题+综合练习+库课18套2题（库课第15套） | D45: ☐ 未完成 | E45: =COUNTIF(D45:D48,"☑ 已完成")/COUNTA(C45:C48)
C46: 2.专升本英语（75分钟）：锐树网课《习题精析·翻译》难点回看+综合练习→库课2000题写作约25题 | D46: ☐ 未完成
C47: 3.专升本英语阅读+翻译综合练习（45分钟） | D47: ☐ 未完成
C48: 4.词汇（30分钟）：不背单词APP转专升本词本+高频词（生词强化） | D48: ☐ 未完成
A49: 2027-01-14 | B49: 周四 | C49: 1.高等数学（75分钟）：复习第6章·微分方程 §6.1–2(全节综合)（约P270–276）→综合复习+库课18套错题重做（库课第15套） | D49: ☐ 未完成 | E49: =COUNTIF(D49:D52,"☑ 已完成")/COUNTA(C49:C52)
C50: 2.专升本英语（90分钟）：锐树网课回看+库课2000题写作·第11-15题+本周错题总复习 | D50: ☐ 未完成
C51: 3.专升本英语完形+写作综合练习（45分钟） | D51: ☐ 未完成
C52: 4.词汇（30分钟）：不背单词APP转专升本词本+高频词（总复习） | D52: ☐ 未完成
A53: 2027-01-15 | B53: 周五 | C53: 1.高等数学（90分钟）：同济第6章·微分方程 §6.3（约P276–281）·概念理解+例题精做+库课18套2题（库课第16套） | D53: ☐ 未完成 | E53: =COUNTIF(D53:D56,"☑ 已完成")/COUNTA(C53:C56)
C54: 2.专升本英语（75分钟）：锐树网课《写作(应用文)》精看+笔记标注→库课2000题专项综合约25题 | D54: ☐ 未完成
C55: 3.专升本英语阅读专项(库课阅读理解)（45分钟） | D55: ☐ 未完成
C56: 4.词汇（30分钟）：不背单词APP转专升本词本+高频词（主动回忆） | D56: ☐ 未完成
A57: 2027-01-16 | B57: 周六 | C57: 1.高等数学（75分钟）：复习第6章·微分方程 §6.3（约P276–281）→复习对应A日内容+库课18套2道新大题（库课第16套） | D57: ☐ 未完成 | E57: =COUNTIF(D57:D60,"☑ 已完成")/COUNTA(C57:C60)
C58: 2.专升本英语（90分钟）：锐树网课回看+库课2000题专项综合·第1-5题巩固+错题标注 | D58: ☐ 未完成
C59: 3.专升本英语完形填空专项(库课完形)（45分钟） | D59: ☐ 未完成
C60: 4.词汇（30分钟）：不背单词APP转专升本词本+高频词（新词巩固） | D60: ☐ 未完成
A61: 2027-01-17 | B61: 周日 | C61: 1.专升本英语模考：2020年真题（约2小时） | D61: ☐ 未完成 | E61: =COUNTIF(D61:D62,"☑ 已完成")/COUNTA(C61:C62) | G61: 模考日
C62: 2.错题归因+周复盘 | D62: ☐ 未完成
A63: 2027-01-18 | B63: 周一 | C63: 1.高等数学（90分钟）：同济第6章·微分方程 §6.4（约P281–286）·续讲精做+例题演练+库课18套2题（库课第16套） | D63: ☐ 未完成 | E63: =COUNTIF(D63:D66,"☑ 已完成")/COUNTA(C63:C66)
C64: 2.专升本英语（75分钟）：锐树网课《习题精析·写作》精看+笔记标注→库课2000题专项综合约25题 | D64: ☐ 未完成
C65: 3.专升本英语翻译专项(库课翻译练习)（45分钟） | D65: ☐ 未完成
C66: 4.词汇（30分钟）：不背单词APP转专升本词本+高频词（错词巩固） | D66: ☐ 未完成
A67: 2027-01-19 | B67: 周二 | C67: 1.高等数学（75分钟）：复习第6章·微分方程 §6.4（约P281–286）→概念公式默写+库课18套2道计算题（库课第16套） | D67: ☐ 未完成 | E67: =COUNTIF(D67:D70,"☑ 已完成")/COUNTA(C67:C70)
C68: 2.专升本英语（90分钟）：锐树网课回看+库课2000题专项综合·第6-10题错题重做 | D68: ☐ 未完成
C69: 3.专升本英语写作专项(库课写作)（45分钟） | D69: ☐ 未完成
C70: 4.词汇（30分钟）：不背单词APP转专升本词本+高频词（听写验证） | D70: ☐ 未完成
A71: 2027-01-20 | B71: 周三 | C71: 1.高等数学（90分钟）：同济第6章·微分方程 §6.3–4(全节综合)（约P286–292）·课后习题+综合练习+库课18套2题（库课第16套） | D71: ☐ 未完成 | E71: =COUNTIF(D71:D74,"☑ 已完成")/COUNTA(C71:C74)
C72: 2.专升本英语（75分钟）：锐树网课《写作(应用文)＋习题精析·写作》难点回看+综合练习→库课2000题专项综合约25题 | D72: ☐ 未完成
C73: 3.专升本英语阅读+翻译综合练习（45分钟） | D73: ☐ 未完成
C74: 4.词汇（30分钟）：不背单词APP转专升本词本+高频词（生词强化） | D74: ☐ 未完成
A75: 2027-01-21 | B75: 周四 | C75: 1.高等数学（75分钟）：复习第6章·微分方程 §6.3–4(全节综合)（约P286–292）→综合复习+库课18套错题重做（库课第16套） | D75: ☐ 未完成 | E75: =COUNTIF(D75:D78,"☑ 已完成")/COUNTA(C75:C78)
C76: 2.专升本英语（90分钟）：锐树网课回看+库课2000题专项综合·第11-15题+本周错题总复习 | D76: ☐ 未完成
C77: 3.专升本英语完形+写作综合练习（45分钟） | D77: ☐ 未完成
C78: 4.词汇（30分钟）：不背单词APP转专升本词本+高频词（总复习） | D78: ☐ 未完成
A79: 2027-01-22 | B79: 周五 | C79: 1.高等数学（90分钟）：同济第6章·微分方程 §6.5（约P292–297）·概念理解+例题精做+库课18套2题（库课第17套） | D79: ☐ 未完成 | E79: =COUNTIF(D79:D82,"☑ 已完成")/COUNTA(C79:C82)
C80: 2.专升本英语（75分钟）：锐树网课《朱老师版·词汇概括＋名词专项》精看+笔记标注→库课2000题专项综合约25题 | D80: ☐ 未完成
C81: 3.专升本英语阅读专项(库课阅读理解)（45分钟） | D81: ☐ 未完成
C82: 4.词汇（30分钟）：不背单词APP转专升本词本+高频词（主动回忆） | D82: ☐ 未完成
A83: 2027-01-23 | B83: 周六 | C83: 1.高等数学（75分钟）：复习第6章·微分方程 §6.5（约P292–297）→复习对应A日内容+库课18套2道新大题（库课第17套） | D83: ☐ 未完成 | E83: =COUNTIF(D83:D86,"☑ 已完成")/COUNTA(C83:C86)
C84: 2.专升本英语（90分钟）：锐树网课回看+库课2000题专项综合·第1-5题巩固+错题标注 | D84: ☐ 未完成
C85: 3.专升本英语完形填空专项(库课完形)（45分钟） | D85: ☐ 未完成
C86: 4.词汇（30分钟）：不背单词APP转专升本词本+高频词（新词巩固） | D86: ☐ 未完成
A87: 2027-01-24 | B87: 周日 | C87: 1.专升本数学模考：库课18套完整卷第6套2小时估分 | D87: ☐ 未完成 | E87: =COUNTIF(D87:D88,"☑ 已完成")/COUNTA(C87:C88) | G87: 模考日
C88: 2.错题归因+周复盘 | D88: ☐ 未完成
A89: 2027-01-25 | B89: 周一 | C89: 1.高等数学（90分钟）：同济第6章·微分方程 §6.6（约P297–302）·续讲精做+例题演练+库课18套2题（库课第17套） | D89: ☐ 未完成 | E89: =COUNTIF(D89:D92,"☑ 已完成")/COUNTA(C89:C92)
C90: 2.专升本英语（75分钟）：锐树网课《动词专项(一)》精看+笔记标注→库课2000题专项综合约25题 | D90: ☐ 未完成
C91: 3.专升本英语翻译专项(库课翻译练习)（45分钟） | D91: ☐ 未完成
C92: 4.词汇（30分钟）：不背单词APP转专升本词本+高频词（错词巩固） | D92: ☐ 未完成
A93: 2027-01-26 | B93: 周二 | C93: 1.高等数学（75分钟）：复习第6章·微分方程 §6.6（约P297–302）→概念公式默写+库课18套2道计算题（库课第17套） | D93: ☐ 未完成 | E93: =COUNTIF(D93:D96,"☑ 已完成")/COUNTA(C93:C96)
C94: 2.专升本英语（90分钟）：锐树网课回看+库课2000题专项综合·第6-10题错题重做 | D94: ☐ 未完成
C95: 3.专升本英语写作专项(库课写作)（45分钟） | D95: ☐ 未完成
C96: 4.词汇（30分钟）：不背单词APP转专升本词本+高频词（听写验证） | D96: ☐ 未完成
A97: 2027-01-27 | B97: 周三 | C97: 1.高等数学（90分钟）：同济第6章·微分方程 §6.5–6(全节综合)（约P302–306）·课后习题+综合练习+库课18套2题（库课第17套） | D97: ☐ 未完成 | E97: =COUNTIF(D97:D100,"☑ 已完成")/COUNTA(C97:C100)
C98: 2.专升本英语（75分钟）：锐树网课《章节练习·名词15题》难点回看+综合练习→库课2000题专项综合约25题 | D98: ☐ 未完成
C99: 3.专升本英语阅读+翻译综合练习（45分钟） | D99: ☐ 未完成
C100: 4.词汇（30分钟）：不背单词APP转专升本词本+高频词（生词强化） | D100: ☐ 未完成
...

Sheet 2027-02
A1: 日期 | B1: 星期 | C1: 计划事项 | D1: 任务完成 | E1: 完成率 | F1: 实际完成时间 | G1: 备注
A2: 2027-02-01 | B2: 周一 | C2: 1.高等数学（90分钟）：同济一轮复习第1–4章+错题+库课18套2题（教材二刷·第1-4章） | D2: ☐ 未完成 | E2: =COUNTIF(D2:D5,"☑ 已完成")/COUNTA(C2:C5)
C3: 2.专升本英语（75分钟）：锐树网课《朱老师版·动词专项(二)(三)(四)＋章节练习·动词20题》二刷+库课2000题专项综合练习 | D3: ☐ 未完成
C4: 3.专升本英语阅读+翻译专项（45分钟） | D4: ☐ 未完成
C5: 4.词汇（30分钟）：不背单词APP转专升本词本+高频词 | D5: ☐ 未完成
A6: 2027-02-02 | B6: 周二 | C6: 1.高等数学（75分钟）：错题回顾+库课18套2道新大题+教材回读（第1-4章） | D6: ☐ 未完成 | E6: =COUNTIF(D6:D9,"☑ 已完成")/COUNTA(C6:C9)
C7: 2.专升本英语（90分钟）：库课2000题专项综合约15题巩固+锐树网课二刷回看 | D7: ☐ 未完成
C8: 3.专升本英语完形+写作专项（45分钟） | D8: ☐ 未完成
C9: 4.词汇（30分钟）：不背单词APP转专升本词本+高频词 | D9: ☐ 未完成
A10: 2027-02-03 | B10: 周三 | C10: 1.高等数学（90分钟）：同济一轮复习第1–4章+错题+库课18套2题（教材二刷·第1-4章） | D10: ☐ 未完成 | E10: =COUNTIF(D10:D13,"☑ 已完成")/COUNTA(C10:C13)
C11: 2.专升本英语（75分钟）：锐树网课《朱老师版·动词专项(二)(三)(四)＋章节练习·动词20题》二刷+库课2000题专项综合练习 | D11: ☐ 未完成
C12: 3.专升本英语阅读+翻译专项（45分钟） | D12: ☐ 未完成
C13: 4.词汇（30分钟）：不背单词APP转专升本词本+高频词 | D13: ☐ 未完成
A14: 2027-02-04 | B14: 周四 | C14: 1.高等数学（75分钟）：错题回顾+库课18套2道新大题+教材回读（第1-4章） | D14: ☐ 未完成 | E14: =COUNTIF(D14:D17,"☑ 已完成")/COUNTA(C14:C17)
C15: 2.专升本英语（90分钟）：库课2000题专项综合约15题巩固+锐树网课二刷回看 | D15: ☐ 未完成
C16: 3.专升本英语完形+写作专项（45分钟） | D16: ☐ 未完成
C17: 4.词汇（30分钟）：不背单词APP转专升本词本+高频词 | D17: ☐ 未完成
A18: 2027-02-05 | B18: 周五 | C18: 【节假日·约2小时】1.词汇：不背单词APP转专升本词本+高频词（不变） | D18: ☐ 未完成 | E18: =COUNTIF(D18:D20,"☑ 已完成")/COUNTA(C18:C20) | G18: 节假日·减半(约2小时)
C19: 2.高等数学：只复习本周错题40分钟 | D19: ☐ 未完成
C20: 3.专升本英语：库课2000题错题回顾30分钟 | D20: ☐ 未完成
A21: 2027-02-06 | B21: 周六 | C21: 【节假日·约2小时】1.词汇：不背单词APP转专升本词本+高频词（不变） | D21: ☐ 未完成 | E21: =COUNTIF(D21:D23,"☑ 已完成")/COUNTA(C21:C23) | G21: 节假日·减半(约2小时)
C22: 2.高等数学：只复习本周错题40分钟 | D22: ☐ 未完成
C23: 3.专升本英语：库课2000题错题回顾30分钟 | D23: ☐ 未完成
A24: 2027-02-07 | B24: 周日 | C24: 【节假日·约2小时】1.词汇：不背单词APP转专升本词本+高频词（不变） | D24: ☐ 未完成 | E24: =COUNTIF(D24:D26,"☑ 已完成")/COUNTA(C24:C26) | G24: 节假日·减半(约2小时)
C25: 2.高等数学：只复习本周错题40分钟 | D25: ☐ 未完成
C26: 3.专升本英语：库课2000题错题回顾30分钟 | D26: ☐ 未完成
A27: 2027-02-08 | B27: 周一 | C27: 【节假日·约2小时】1.词汇：不背单词APP转专升本词本+高频词（不变） | D27: ☐ 未完成 | E27: =COUNTIF(D27:D29,"☑ 已完成")/COUNTA(C27:C29) | G27: 节假日·减半(约2小时)
C28: 2.高等数学：只复习本周错题40分钟 | D28: ☐ 未完成
C29: 3.专升本英语：库课2000题错题回顾30分钟 | D29: ☐ 未完成
A30: 2027-02-09 | B30: 周二 | C30: 【节假日·约2小时】1.词汇：不背单词APP转专升本词本+高频词（不变） | D30: ☐ 未完成 | E30: =COUNTIF(D30:D32,"☑ 已完成")/COUNTA(C30:C32) | G30: 节假日·减半(约2小时)
C31: 2.高等数学：只复习本周错题40分钟 | D31: ☐ 未完成
C32: 3.专升本英语：库课2000题错题回顾30分钟 | D32: ☐ 未完成
A33: 2027-02-10 | B33: 周三 | C33: 【节假日·约2小时】1.词汇：不背单词APP转专升本词本+高频词（不变） | D33: ☐ 未完成 | E33: =COUNTIF(D33:D35,"☑ 已完成")/COUNTA(C33:C35) | G33: 节假日·减半(约2小时)
C34: 2.高等数学：只复习本周错题40分钟 | D34: ☐ 未完成
C35: 3.专升本英语：库课2000题错题回顾30分钟 | D35: ☐ 未完成
A36: 2027-02-11 | B36: 周四 | C36: 【节假日·约2小时】1.词汇：不背单词APP转专升本词本+高频词（不变） | D36: ☐ 未完成 | E36: =COUNTIF(D36:D38,"☑ 已完成")/COUNTA(C36:C38) | G36: 节假日·减半(约2小时)
C37: 2.高等数学：只复习本周错题40分钟 | D37: ☐ 未完成
C38: 3.专升本英语：库课2000题错题回顾30分钟 | D38: ☐ 未完成
A39: 2027-02-12 | B39: 周五 | C39: 1.高等数学（90分钟）：同济库课18套第4–9套+高数教材二刷(第1–4章)+库课18套2题（教材二刷·第1-4章） | D39: ☐ 未完成 | E39: =COUNTIF(D39:D42,"☑ 已完成")/COUNTA(C39:C42)
C40: 2.专升本英语（75分钟）：锐树网课《朱老师版·句子类型＋句子成分＋宾语从句＋章节练习·句子类型2+成分1+宾语从句26题》二刷+库课2000题专项综合练习 | D40: ☐ 未完成
C41: 3.专升本英语阅读+翻译专项（45分钟） | D41: ☐ 未完成
C42: 4.词汇（30分钟）：不背单词APP转专升本词本+高频词 | D42: ☐ 未完成
A43: 2027-02-13 | B43: 周六 | C43: 1.高等数学（75分钟）：错题回顾+库课18套2道新大题+教材回读（第1-4章） | D43: ☐ 未完成 | E43: =COUNTIF(D43:D46,"☑ 已完成")/COUNTA(C43:C46)
C44: 2.专升本英语（90分钟）：库课2000题专项综合约15题巩固+锐树网课二刷回看 | D44: ☐ 未完成
C45: 3.专升本英语完形+写作专项（45分钟） | D45: ☐ 未完成
C46: 4.词汇（30分钟）：不背单词APP转专升本词本+高频词 | D46: ☐ 未完成
A47: 2027-02-14 | B47: 周日 | C47: 1.专升本英语模考：2022年真题（约2小时） | D47: ☐ 未完成 | E47: =COUNTIF(D47:D48,"☑ 已完成")/COUNTA(C47:C48) | G47: 模考日
C48: 2.错题归因+周复盘 | D48: ☐ 未完成
A49: 2027-02-15 | B49: 周一 | C49: 1.高等数学（90分钟）：同济库课18套第4–9套+高数教材二刷(第1–4章)+库课18套2题（教材二刷·第1-4章） | D49: ☐ 未完成 | E49: =COUNTIF(D49:D52,"☑ 已完成")/COUNTA(C49:C52)
C50: 2.专升本英语（75分钟）：锐树网课《朱老师版·句子类型＋句子成分＋宾语从句＋章节练习·句子类型2+成分1+宾语从句26题》二刷+库课2000题专项综合练习 | D50: ☐ 未完成
C51: 3.专升本英语阅读+翻译专项（45分钟） | D51: ☐ 未完成
C52: 4.词汇（30分钟）：不背单词APP转专升本词本+高频词 | D52: ☐ 未完成
A53: 2027-02-16 | B53: 周二 | C53: 1.高等数学（75分钟）：错题回顾+库课18套2道新大题+教材回读（第1-4章） | D53: ☐ 未完成 | E53: =COUNTIF(D53:D56,"☑ 已完成")/COUNTA(C53:C56)
C54: 2.专升本英语（90分钟）：库课2000题专项综合约15题巩固+锐树网课二刷回看 | D54: ☐ 未完成
C55: 3.专升本英语完形+写作专项（45分钟） | D55: ☐ 未完成
C56: 4.词汇（30分钟）：不背单词APP转专升本词本+高频词 | D56: ☐ 未完成
A57: 2027-02-17 | B57: 周三 | C57: 1.高等数学（90分钟）：同济库课18套第4–9套+高数教材二刷(第1–4章)+库课18套2题（教材二刷·第1-4章） | D57: ☐ 未完成 | E57: =COUNTIF(D57:D60,"☑ 已完成")/COUNTA(C57:C60)
C58: 2.专升本英语（75分钟）：锐树网课《朱老师版·句子类型＋句子成分＋宾语从句＋章节练习·句子类型2+成分1+宾语从句26题》二刷+库课2000题专项综合练习 | D58: ☐ 未完成
C59: 3.专升本英语阅读+翻译专项（45分钟） | D59: ☐ 未完成
C60: 4.词汇（30分钟）：不背单词APP转专升本词本+高频词 | D60: ☐ 未完成
A61: 2027-02-18 | B61: 周四 | C61: 1.高等数学（75分钟）：错题回顾+库课18套2道新大题+教材回读（第1-4章） | D61: ☐ 未完成 | E61: =COUNTIF(D61:D64,"☑ 已完成")/COUNTA(C61:C64)
C62: 2.专升本英语（90分钟）：库课2000题专项综合约15题巩固+锐树网课二刷回看 | D62: ☐ 未完成
C63: 3.专升本英语完形+写作专项（45分钟） | D63: ☐ 未完成
C64: 4.词汇（30分钟）：不背单词APP转专升本词本+高频词 | D64: ☐ 未完成
A65: 2027-02-19 | B65: 周五 | C65: 1.高等数学（90分钟）：同济库课18套第10–12套+高数教材二刷(第5–6章)+库课18套2题（教材二刷·第5-6章） | D65: ☐ 未完成 | E65: =COUNTIF(D65:D68,"☑ 已完成")/COUNTA(C65:C68)
C66: 2.专升本英语（75分钟）：锐树网课《朱老师版·定语从句(一)(二)＋非谓语动词＋章节练习·定语从句20+非谓语24题》二刷+库课2000题专项综合练习 | D66: ☐ 未完成
C67: 3.专升本英语阅读+翻译专项（45分钟） | D67: ☐ 未完成
C68: 4.词汇（30分钟）：不背单词APP转专升本词本+高频词 | D68: ☐ 未完成
A69: 2027-02-20 | B69: 周六 | C69: 1.高等数学（75分钟）：错题回顾+库课18套2道新大题+教材回读（第5-6章） | D69: ☐ 未完成 | E69: =COUNTIF(D69:D72,"☑ 已完成")/COUNTA(C69:C72)
C70: 2.专升本英语（90分钟）：库课2000题专项综合约15题巩固+锐树网课二刷回看 | D70: ☐ 未完成
C71: 3.专升本英语完形+写作专项（45分钟） | D71: ☐ 未完成
C72: 4.词汇（30分钟）：不背单词APP转专升本词本+高频词 | D72: ☐ 未完成
A73: 2027-02-21 | B73: 周日 | C73: 1.专升本数学模考：库课18套完整卷第8套2小时估分 | D73: ☐ 未完成 | E73: =COUNTIF(D73:D74,"☑ 已完成")/COUNTA(C73:C74) | G73: 模考日
C74: 2.错题归因+周复盘 | D74: ☐ 未完成
A75: 2027-02-22 | B75: 周一 | C75: 1.高等数学（90分钟）：同济库课18套第10–12套+高数教材二刷(第5–6章)+库课18套2题（教材二刷·第5-6章） | D75: ☐ 未完成 | E75: =COUNTIF(D75:D78,"☑ 已完成")/COUNTA(C75:C78)
C76: 2.专升本英语（75分钟）：锐树网课《朱老师版·定语从句(一)(二)＋非谓语动词＋章节练习·定语从句20+非谓语24题》二刷+库课2000题专项综合练习 | D76: ☐ 未完成
C77: 3.专升本英语阅读+翻译专项（45分钟） | D77: ☐ 未完成
C78: 4.词汇（30分钟）：不背单词APP转专升本词本+高频词 | D78: ☐ 未完成
A79: 2027-02-23 | B79: 周二 | C79: 1.高等数学（75分钟）：错题回顾+库课18套2道新大题+教材回读（第5-6章） | D79: ☐ 未完成 | E79: =COUNTIF(D79:D82,"☑ 已完成")/COUNTA(C79:C82)
C80: 2.专升本英语（90分钟）：库课2000题专项综合约15题巩固+锐树网课二刷回看 | D80: ☐ 未完成
C81: 3.专升本英语完形+写作专项（45分钟） | D81: ☐ 未完成
C82: 4.词汇（30分钟）：不背单词APP转专升本词本+高频词 | D82: ☐ 未完成
A83: 2027-02-24 | B83: 周三 | C83: 1.高等数学（90分钟）：同济库课18套第10–12套+高数教材二刷(第5–6章)+库课18套2题（教材二刷·第5-6章） | D83: ☐ 未完成 | E83: =COUNTIF(D83:D86,"☑ 已完成")/COUNTA(C83:C86)
C84: 2.专升本英语（75分钟）：锐树网课《朱老师版·定语从句(一)(二)＋非谓语动词＋章节练习·定语从句20+非谓语24题》二刷+库课2000题专项综合练习 | D84: ☐ 未完成
C85: 3.专升本英语阅读+翻译专项（45分钟） | D85: ☐ 未完成
C86: 4.词汇（30分钟）：不背单词APP转专升本词本+高频词 | D86: ☐ 未完成
A87: 2027-02-25 | B87: 周四 | C87: 1.高等数学（75分钟）：错题回顾+库课18套2道新大题+教材回读（第5-6章） | D87: ☐ 未完成 | E87: =COUNTIF(D87:D90,"☑ 已完成")/COUNTA(C87:C90)
C88: 2.专升本英语（90分钟）：库课2000题专项综合约15题巩固+锐树网课二刷回看 | D88: ☐ 未完成
C89: 3.专升本英语完形+写作专项（45分钟） | D89: ☐ 未完成
C90: 4.词汇（30分钟）：不背单词APP转专升本词本+高频词 | D90: ☐ 未完成
A91: 2027-02-26 | B91: 周五 | C91: 1.高等数学（90分钟）：同济库课18套第13–15套+全真模考+库课18套2题（教材二刷·错题） | D91: ☐ 未完成 | E91: =COUNTIF(D91:D94,"☑ 已完成")/COUNTA(C91:C94)
C92: 2.专升本英语（75分钟）：锐树网课《朱老师版·阅读方法＋主旨大意＋推理题＋细节理解(一)(二)＋章节练习·细节理解21题+翻译23题》二刷+库课2000题专项综合练习 | D92: ☐ 未完成
C93: 3.专升本英语阅读+翻译专项（45分钟） | D93: ☐ 未完成
C94: 4.词汇（30分钟）：不背单词APP转专升本词本+高频词 | D94: ☐ 未完成
A95: 2027-02-27 | B95: 周六 | C95: 1.高等数学（75分钟）：错题回顾+库课18套2道新大题+教材回读（错题） | D95: ☐ 未完成 | E95: =COUNTIF(D95:D98,"☑ 已完成")/COUNTA(C95:C98)
C96: 2.专升本英语（90分钟）：库课2000题专项综合约15题巩固+锐树网课二刷回看 | D96: ☐ 未完成
C97: 3.专升本英语完形+写作专项（45分钟） | D97: ☐ 未完成
C98: 4.词汇（30分钟）：不背单词APP转专升本词本+高频词 | D98: ☐ 未完成
A99: 2027-02-28 | B99: 周日 | C99: 1.专升本英语模考：2023年真题（约2小时） | D99: ☐ 未完成 | E99: =COUNTIF(D99:D100,"☑ 已完成")/COUNTA(C99:C100) | G99: 里程碑·专升本模考≥340
C100: 2.错题归因+周复盘 | D100: ☐ 未完成
...

Sheet 2027-03
A1: 日期 | B1: 星期 | C1: 计划事项 | D1: 任务完成 | E1: 完成率 | F1: 实际完成时间 | G1: 备注
A2: 2027-03-01 | B2: 周一 | C2: 1.高等数学（90分钟）：同济库课18套第13–15套+全真模考+库课18套2题（教材二刷·错题） | D2: ☐ 未完成 | E2: =COUNTIF(D2:D5,"☑ 已完成")/COUNTA(C2:C5)
C3: 2.专升本英语（75分钟）：锐树网课《朱老师版·阅读方法＋主旨大意＋推理题＋细节理解(一)(二)＋章节练习·细节理解21题+翻译23题》二刷+库课2000题专项综合练习 | D3: ☐ 未完成
C4: 3.专升本英语阅读+翻译专项（45分钟） | D4: ☐ 未完成
C5: 4.词汇（30分钟）：不背单词APP转专升本词本+高频词 | D5: ☐ 未完成
A6: 2027-03-02 | B6: 周二 | C6: 1.高等数学（75分钟）：错题回顾+库课18套2道新大题+教材回读（错题） | D6: ☐ 未完成 | E6: =COUNTIF(D6:D9,"☑ 已完成")/COUNTA(C6:C9)
C7: 2.专升本英语（90分钟）：库课2000题专项综合约15题巩固+锐树网课二刷回看 | D7: ☐ 未完成
C8: 3.专升本英语完形+写作专项（45分钟） | D8: ☐ 未完成
C9: 4.词汇（30分钟）：不背单词APP转专升本词本+高频词 | D9: ☐ 未完成
A10: 2027-03-03 | B10: 周三 | C10: 1.高等数学（90分钟）：同济库课18套第13–15套+全真模考+库课18套2题（教材二刷·错题） | D10: ☐ 未完成 | E10: =COUNTIF(D10:D13,"☑ 已完成")/COUNTA(C10:C13)
C11: 2.专升本英语（75分钟）：锐树网课《朱老师版·阅读方法＋主旨大意＋推理题＋细节理解(一)(二)＋章节练习·细节理解21题+翻译23题》二刷+库课2000题专项综合练习 | D11: ☐ 未完成
C12: 3.专升本英语阅读+翻译专项（45分钟） | D12: ☐ 未完成
C13: 4.词汇（30分钟）：不背单词APP转专升本词本+高频词 | D13: ☐ 未完成
A14: 2027-03-04 | B14: 周四 | C14: 1.高等数学（75分钟）：错题回顾+库课18套2道新大题+教材回读（错题） | D14: ☐ 未完成 | E14: =COUNTIF(D14:D17,"☑ 已完成")/COUNTA(C14:C17)
C15: 2.专升本英语（90分钟）：库课2000题专项综合约15题巩固+锐树网课二刷回看 | D15: ☐ 未完成
C16: 3.专升本英语完形+写作专项（45分钟） | D16: ☐ 未完成
C17: 4.词汇（30分钟）：不背单词APP转专升本词本+高频词 | D17: ☐ 未完成
A18: 2027-03-05 | B18: 周五 | C18: 1.高等数学（90分钟）：同济冲刺模考+易错专练(极限/导数/积分)+高数教材二刷(全章)+库课18套2题（教材二刷·全章） | D18: ☐ 未完成 | E18: =COUNTIF(D18:D21,"☑ 已完成")/COUNTA(C18:C21)
C19: 2.专升本英语（75分钟）：锐树网课《二刷·宋版词法动词＋从句特殊句式(易错)》二刷+库课2000题二刷·错题练习 | D19: ☐ 未完成
C20: 3.专升本英语阅读+翻译专项（45分钟） | D20: ☐ 未完成
C21: 4.词汇（30分钟）：不背单词APP转专升本词本+高频词 | D21: ☐ 未完成
A22: 2027-03-06 | B22: 周六 | C22: 1.高等数学（75分钟）：错题回顾+库课18套2道新大题+教材回读（全章） | D22: ☐ 未完成 | E22: =COUNTIF(D22:D25,"☑ 已完成")/COUNTA(C22:C25)
C23: 2.专升本英语（90分钟）：库课2000题二刷·错题约15题巩固+锐树网课二刷回看 | D23: ☐ 未完成
C24: 3.专升本英语完形+写作专项（45分钟） | D24: ☐ 未完成
C25: 4.词汇（30分钟）：不背单词APP转专升本词本+高频词 | D25: ☐ 未完成
A26: 2027-03-07 | B26: 周日 | C26: 1.专升本数学模考：库课18套完整卷第9套2小时估分 | D26: ☐ 未完成 | E26: =COUNTIF(D26:D27,"☑ 已完成")/COUNTA(C26:C27) | G26: 模考日
C27: 2.错题归因+周复盘 | D27: ☐ 未完成
A28: 2027-03-08 | B28: 周一 | C28: 1.高等数学（90分钟）：同济冲刺模考+易错专练(极限/导数/积分)+高数教材二刷(全章)+库课18套2题（教材二刷·全章） | D28: ☐ 未完成 | E28: =COUNTIF(D28:D31,"☑ 已完成")/COUNTA(C28:C31)
C29: 2.专升本英语（75分钟）：锐树网课《二刷·宋版词法动词＋从句特殊句式(易错)》二刷+库课2000题二刷·错题练习 | D29: ☐ 未完成
C30: 3.专升本英语阅读+翻译专项（45分钟） | D30: ☐ 未完成
C31: 4.词汇（30分钟）：不背单词APP转专升本词本+高频词 | D31: ☐ 未完成
A32: 2027-03-09 | B32: 周二 | C32: 1.高等数学（75分钟）：错题回顾+库课18套2道新大题+教材回读（全章） | D32: ☐ 未完成 | E32: =COUNTIF(D32:D35,"☑ 已完成")/COUNTA(C32:C35)
C33: 2.专升本英语（90分钟）：库课2000题二刷·错题约15题巩固+锐树网课二刷回看 | D33: ☐ 未完成
C34: 3.专升本英语完形+写作专项（45分钟） | D34: ☐ 未完成
C35: 4.词汇（30分钟）：不背单词APP转专升本词本+高频词 | D35: ☐ 未完成
A36: 2027-03-10 | B36: 周三 | C36: 1.高等数学（90分钟）：同济冲刺模考+易错专练(极限/导数/积分)+高数教材二刷(全章)+库课18套2题（教材二刷·全章） | D36: ☐ 未完成 | E36: =COUNTIF(D36:D39,"☑ 已完成")/COUNTA(C36:C39) | G36: 专升本报名窗口(参考3/10-13)
C37: 2.专升本英语（75分钟）：锐树网课《二刷·宋版词法动词＋从句特殊句式(易错)》二刷+库课2000题二刷·错题练习 | D37: ☐ 未完成
C38: 3.专升本英语阅读+翻译专项（45分钟） | D38: ☐ 未完成
C39: 4.词汇（30分钟）：不背单词APP转专升本词本+高频词 | D39: ☐ 未完成
A40: 2027-03-11 | B40: 周四 | C40: 1.高等数学（75分钟）：错题回顾+库课18套2道新大题+教材回读（全章） | D40: ☐ 未完成 | E40: =COUNTIF(D40:D43,"☑ 已完成")/COUNTA(C40:C43)
C41: 2.专升本英语（90分钟）：库课2000题二刷·错题约15题巩固+锐树网课二刷回看 | D41: ☐ 未完成
C42: 3.专升本英语完形+写作专项（45分钟） | D42: ☐ 未完成
C43: 4.词汇（30分钟）：不背单词APP转专升本词本+高频词 | D43: ☐ 未完成
A44: 2027-03-12 | B44: 周五 | C44: 1.高等数学（90分钟）：同济冲刺模考+易错专练(微分方程/综合)+高数教材二刷(错题)+库课18套2题（教材二刷·错题） | D44: ☐ 未完成 | E44: =COUNTIF(D44:D47,"☑ 已完成")/COUNTA(C44:C47)
C45: 2.专升本英语（75分钟）：锐树网课《二刷·宋版阅读(连词成句/篇章填空)》二刷+库课2000题二刷·错题练习 | D45: ☐ 未完成
C46: 3.专升本英语阅读+翻译专项（45分钟） | D46: ☐ 未完成
C47: 4.词汇（30分钟）：不背单词APP转专升本词本+高频词 | D47: ☐ 未完成
A48: 2027-03-13 | B48: 周六 | C48: 1.高等数学（75分钟）：错题回顾+库课18套2道新大题+教材回读（错题） | D48: ☐ 未完成 | E48: =COUNTIF(D48:D51,"☑ 已完成")/COUNTA(C48:C51) | G48: 专升本报名窗口(参考3/10-13)
C49: 2.专升本英语（90分钟）：库课2000题二刷·错题约15题巩固+锐树网课二刷回看 | D49: ☐ 未完成
C50: 3.专升本英语完形+写作专项（45分钟） | D50: ☐ 未完成
C51: 4.词汇（30分钟）：不背单词APP转专升本词本+高频词 | D51: ☐ 未完成
A52: 2027-03-14 | B52: 周日 | C52: 1.专升本英语模考：2024年真题(不完整)（约2小时） | D52: ☐ 未完成 | E52: =COUNTIF(D52:D53,"☑ 已完成")/COUNTA(C52:C53) | G52: 模考日
C53: 2.错题归因+周复盘 | D53: ☐ 未完成
A54: 2027-03-15 | B54: 周一 | C54: 1.高等数学（90分钟）：同济冲刺模考+易错专练(微分方程/综合)+高数教材二刷(错题)+库课18套2题（教材二刷·错题） | D54: ☐ 未完成 | E54: =COUNTIF(D54:D57,"☑ 已完成")/COUNTA(C54:C57)
C55: 2.专升本英语（75分钟）：锐树网课《二刷·宋版阅读(连词成句/篇章填空)》二刷+库课2000题二刷·错题练习 | D55: ☐ 未完成
C56: 3.专升本英语阅读+翻译专项（45分钟） | D56: ☐ 未完成
C57: 4.词汇（30分钟）：不背单词APP转专升本词本+高频词 | D57: ☐ 未完成
A58: 2027-03-16 | B58: 周二 | C58: 1.高等数学（75分钟）：错题回顾+库课18套2道新大题+教材回读（错题） | D58: ☐ 未完成 | E58: =COUNTIF(D58:D61,"☑ 已完成")/COUNTA(C58:C61)
C59: 2.专升本英语（90分钟）：库课2000题二刷·错题约15题巩固+锐树网课二刷回看 | D59: ☐ 未完成
C60: 3.专升本英语完形+写作专项（45分钟） | D60: ☐ 未完成
C61: 4.词汇（30分钟）：不背单词APP转专升本词本+高频词 | D61: ☐ 未完成
A62: 2027-03-17 | B62: 周三 | C62: 1.高等数学（90分钟）：同济冲刺模考+易错专练(微分方程/综合)+高数教材二刷(错题)+库课18套2题（教材二刷·错题） | D62: ☐ 未完成 | E62: =COUNTIF(D62:D65,"☑ 已完成")/COUNTA(C62:C65)
C63: 2.专升本英语（75分钟）：锐树网课《二刷·宋版阅读(连词成句/篇章填空)》二刷+库课2000题二刷·错题练习 | D63: ☐ 未完成
C64: 3.专升本英语阅读+翻译专项（45分钟） | D64: ☐ 未完成
C65: 4.词汇（30分钟）：不背单词APP转专升本词本+高频词 | D65: ☐ 未完成
A66: 2027-03-18 | B66: 周四 | C66: 1.高等数学（75分钟）：错题回顾+库课18套2道新大题+教材回读（错题） | D66: ☐ 未完成 | E66: =COUNTIF(D66:D69,"☑ 已完成")/COUNTA(C66:C69)
C67: 2.专升本英语（90分钟）：库课2000题二刷·错题约15题巩固+锐树网课二刷回看 | D67: ☐ 未完成
C68: 3.专升本英语完形+写作专项（45分钟） | D68: ☐ 未完成
C69: 4.词汇（30分钟）：不背单词APP转专升本词本+高频词 | D69: ☐ 未完成
A70: 2027-03-19 | B70: 周五 | C70: 1.高等数学（90分钟）：同济冲刺模考+错题清零+高数教材三刷(重点)+库课18套2题（教材二刷·重点） | D70: ☐ 未完成 | E70: =COUNTIF(D70:D73,"☑ 已完成")/COUNTA(C70:C73)
C71: 2.专升本英语（75分钟）：锐树网课《二刷·朱版词汇语法(易错)》二刷+库课2000题二刷·错题练习 | D71: ☐ 未完成
C72: 3.专升本英语阅读+翻译专项（45分钟） | D72: ☐ 未完成
C73: 4.词汇（30分钟）：不背单词APP转专升本词本+高频词 | D73: ☐ 未完成
A74: 2027-03-20 | B74: 周六 | C74: 1.高等数学（75分钟）：错题回顾+库课18套2道新大题+教材回读（重点） | D74: ☐ 未完成 | E74: =COUNTIF(D74:D77,"☑ 已完成")/COUNTA(C74:C77)
C75: 2.专升本英语（90分钟）：库课2000题二刷·错题约15题巩固+锐树网课二刷回看 | D75: ☐ 未完成
C76: 3.专升本英语完形+写作专项（45分钟） | D76: ☐ 未完成
C77: 4.词汇（30分钟）：不背单词APP转专升本词本+高频词 | D77: ☐ 未完成
A78: 2027-03-21 | B78: 周日 | C78: 1.专升本数学模考：库课18套完整卷第10套2小时估分 | D78: ☐ 未完成 | E78: =COUNTIF(D78:D79,"☑ 已完成")/COUNTA(C78:C79) | G78: 模考日
C79: 2.错题归因+周复盘 | D79: ☐ 未完成
A80: 2027-03-22 | B80: 周一 | C80: 1.高等数学（90分钟）：同济冲刺模考+错题清零+高数教材三刷(重点)+库课18套2题（教材二刷·重点） | D80: ☐ 未完成 | E80: =COUNTIF(D80:D83,"☑ 已完成")/COUNTA(C80:C83)
C81: 2.专升本英语（75分钟）：锐树网课《二刷·朱版词汇语法(易错)》二刷+库课2000题二刷·错题练习 | D81: ☐ 未完成
C82: 3.专升本英语阅读+翻译专项（45分钟） | D82: ☐ 未完成
C83: 4.词汇（30分钟）：不背单词APP转专升本词本+高频词 | D83: ☐ 未完成
A84: 2027-03-23 | B84: 周二 | C84: 1.高等数学（75分钟）：错题回顾+库课18套2道新大题+教材回读（重点） | D84: ☐ 未完成 | E84: =COUNTIF(D84:D87,"☑ 已完成")/COUNTA(C84:C87)
C85: 2.专升本英语（90分钟）：库课2000题二刷·错题约15题巩固+锐树网课二刷回看 | D85: ☐ 未完成
C86: 3.专升本英语完形+写作专项（45分钟） | D86: ☐ 未完成
C87: 4.词汇（30分钟）：不背单词APP转专升本词本+高频词 | D87: ☐ 未完成
A88: 2027-03-24 | B88: 周三 | C88: 1.高等数学（90分钟）：同济冲刺模考+错题清零+高数教材三刷(重点)+库课18套2题（教材二刷·重点） | D88: ☐ 未完成 | E88: =COUNTIF(D88:D91,"☑ 已完成")/COUNTA(C88:C91)
C89: 2.专升本英语（75分钟）：锐树网课《二刷·朱版词汇语法(易错)》二刷+库课2000题二刷·错题练习 | D89: ☐ 未完成
C90: 3.专升本英语阅读+翻译专项（45分钟） | D90: ☐ 未完成
C91: 4.词汇（30分钟）：不背单词APP转专升本词本+高频词 | D91: ☐ 未完成
A92: 2027-03-25 | B92: 周四 | C92: 1.高等数学（75分钟）：错题回顾+库课18套2道新大题+教材回读（重点） | D92: ☐ 未完成 | E92: =COUNTIF(D92:D95,"☑ 已完成")/COUNTA(C92:C95)
C93: 2.专升本英语（90分钟）：库课2000题二刷·错题约15题巩固+锐树网课二刷回看 | D93: ☐ 未完成
C94: 3.专升本英语完形+写作专项（45分钟） | D94: ☐ 未完成
C95: 4.词汇（30分钟）：不背单词APP转专升本词本+高频词 | D95: ☐ 未完成
A96: 2027-03-26 | B96: 周五 | C96: 1.高等数学（90分钟）：同济考前调整+易错清单回顾+教材公式速记+库课18套2题（教材二刷·公式速记） | D96: ☐ 未完成 | E96: =COUNTIF(D96:D99,"☑ 已完成")/COUNTA(C96:C99)
C97: 2.专升本英语（75分钟）：锐树网课《二刷·朱版阅读翻译写作》二刷+库课2000题二刷·错题练习 | D97: ☐ 未完成
C98: 3.专升本英语阅读+翻译专项（45分钟） | D98: ☐ 未完成
C99: 4.词汇（30分钟）：不背单词APP转专升本词本+高频词 | D99: ☐ 未完成
A100: 2027-03-27 | B100: 周六 | C100: 1.高等数学（75分钟）：错题回顾+库课18套2道新大题+教材回读（公式速记） | D100: ☐ 未完成 | E100: =COUNTIF(D100:D103,"☑ 已完成")/COUNTA(C100:C103)
...

Sheet 2027-04
A1: 日期 | B1: 星期 | C1: 计划事项 | D1: 任务完成 | E1: 完成率 | F1: 实际完成时间 | G1: 备注
A2: 2027-04-01 | B2: 周四 | C2: 1.高等数学（75分钟）：错题回顾+库课18套2道新大题+教材回读（公式速记） | D2: ☐ 未完成 | E2: =COUNTIF(D2:D5,"☑ 已完成")/COUNTA(C2:C5)
C3: 2.专升本英语（90分钟）：库课2000题二刷·错题约15题巩固+锐树网课二刷回看 | D3: ☐ 未完成
C4: 3.专升本英语完形+写作专项（45分钟） | D4: ☐ 未完成
C5: 4.词汇（30分钟）：不背单词APP转专升本词本+高频词 | D5: ☐ 未完成
A6: 2027-04-02 | B6: 周五 | C6: 1.高等数学（90分钟）：同济全真模考冲刺+易错重做+公式速记+易错清单+库课18套2题（教材二刷·易错清单） | D6: ☐ 未完成 | E6: =COUNTIF(D6:D9,"☑ 已完成")/COUNTA(C6:C9)
C7: 2.专升本英语（75分钟）：锐树网课《三刷·非谓语/时态语态/定语从句》二刷+库课2000题二刷·错题练习 | D7: ☐ 未完成
C8: 3.专升本英语阅读+翻译专项（45分钟） | D8: ☐ 未完成
C9: 4.词汇（30分钟）：不背单词APP转专升本词本+高频词 | D9: ☐ 未完成
A10: 2027-04-03 | B10: 周六 | C10: 1.高等数学（75分钟）：错题回顾+库课18套2道新大题+教材回读（易错清单） | D10: ☐ 未完成 | E10: =COUNTIF(D10:D13,"☑ 已完成")/COUNTA(C10:C13)
C11: 2.专升本英语（90分钟）：库课2000题二刷·错题约15题巩固+锐树网课二刷回看 | D11: ☐ 未完成
C12: 3.专升本英语完形+写作专项（45分钟） | D12: ☐ 未完成
C13: 4.词汇（30分钟）：不背单词APP转专升本词本+高频词 | D13: ☐ 未完成
A14: 2027-04-04 | B14: 周日 | C14: 1.专升本数学模考：库课18套完整卷第11套2小时估分 | D14: ☐ 未完成 | E14: =COUNTIF(D14:D15,"☑ 已完成")/COUNTA(C14:C15) | G14: 模考日
C15: 2.错题归因+周复盘 | D15: ☐ 未完成
A16: 2027-04-05 | B16: 周一 | C16: 1.高等数学（90分钟）：同济全真模考冲刺+易错重做+公式速记+易错清单+库课18套2题（教材二刷·易错清单） | D16: ☐ 未完成 | E16: =COUNTIF(D16:D19,"☑ 已完成")/COUNTA(C16:C19)
C17: 2.专升本英语（75分钟）：锐树网课《三刷·非谓语/时态语态/定语从句》二刷+库课2000题二刷·错题练习 | D17: ☐ 未完成
C18: 3.专升本英语阅读+翻译专项（45分钟） | D18: ☐ 未完成
C19: 4.词汇（30分钟）：不背单词APP转专升本词本+高频词 | D19: ☐ 未完成
A20: 2027-04-06 | B20: 周二 | C20: 1.高等数学（75分钟）：错题回顾+库课18套2道新大题+教材回读（易错清单） | D20: ☐ 未完成 | E20: =COUNTIF(D20:D23,"☑ 已完成")/COUNTA(C20:C23)
C21: 2.专升本英语（90分钟）：库课2000题二刷·错题约15题巩固+锐树网课二刷回看 | D21: ☐ 未完成
C22: 3.专升本英语完形+写作专项（45分钟） | D22: ☐ 未完成
C23: 4.词汇（30分钟）：不背单词APP转专升本词本+高频词 | D23: ☐ 未完成
A24: 2027-04-07 | B24: 周三 | C24: 1.高等数学（90分钟）：同济全真模考冲刺+易错重做+公式速记+易错清单+库课18套2题（教材二刷·易错清单） | D24: ☐ 未完成 | E24: =COUNTIF(D24:D27,"☑ 已完成")/COUNTA(C24:C27)
C25: 2.专升本英语（75分钟）：锐树网课《三刷·非谓语/时态语态/定语从句》二刷+库课2000题二刷·错题练习 | D25: ☐ 未完成
C26: 3.专升本英语阅读+翻译专项（45分钟） | D26: ☐ 未完成
C27: 4.词汇（30分钟）：不背单词APP转专升本词本+高频词 | D27: ☐ 未完成
A28: 2027-04-08 | B28: 周四 | C28: 1.高等数学（75分钟）：错题回顾+库课18套2道新大题+教材回读（易错清单） | D28: ☐ 未完成 | E28: =COUNTIF(D28:D31,"☑ 已完成")/COUNTA(C28:C31)
C29: 2.专升本英语（90分钟）：库课2000题二刷·错题约15题巩固+锐树网课二刷回看 | D29: ☐ 未完成
C30: 3.专升本英语完形+写作专项（45分钟） | D30: ☐ 未完成
C31: 4.词汇（30分钟）：不背单词APP转专升本词本+高频词 | D31: ☐ 未完成
A32: 2027-04-09 | B32: 周五 | C32: 1.高等数学（90分钟）：同济考前·公式速记+易错清单回顾+库课18套2题（教材二刷·冲刺） | D32: ☐ 未完成 | E32: =COUNTIF(D32:D35,"☑ 已完成")/COUNTA(C32:C35)
C33: 2.专升本英语（75分钟）：锐树网课《冲刺·真题精讲＋模考错题回看＋翻译写作模板》二刷+库课2000题二刷·错题练习 | D33: ☐ 未完成
C34: 3.专升本英语阅读+翻译专项（45分钟） | D34: ☐ 未完成
C35: 4.词汇（30分钟）：不背单词APP转专升本词本+高频词 | D35: ☐ 未完成
A36: 2027-04-10 | B36: 周六 | C36: 1.高等数学（75分钟）：错题回顾+库课18套2道新大题+教材回读（冲刺） | D36: ☐ 未完成 | E36: =COUNTIF(D36:D39,"☑ 已完成")/COUNTA(C36:C39) | G36: 专升本候选考试日(以官方为准)
C37: 2.专升本英语（90分钟）：库课2000题二刷·错题约15题巩固+锐树网课二刷回看 | D37: ☐ 未完成
C38: 3.专升本英语完形+写作专项（45分钟） | D38: ☐ 未完成
C39: 4.词汇（30分钟）：不背单词APP转专升本词本+高频词 | D39: ☐ 未完成
A40: 2027-04-11 | B40: 周日 | C40: 1.专升本英语模考：2026年真题（约2小时） | D40: ☐ 未完成 | E40: =COUNTIF(D40:D41,"☑ 已完成")/COUNTA(C40:C41) | G40: 模考日
C41: 2.错题归因+周复盘 | D41: ☐ 未完成
A42: 2027-04-12 | B42: 周一 | C42: 1.高等数学（90分钟）：同济考前·公式速记+易错清单回顾+库课18套2题（教材二刷·冲刺） | D42: ☐ 未完成 | E42: =COUNTIF(D42:D45,"☑ 已完成")/COUNTA(C42:C45)
C43: 2.专升本英语（75分钟）：锐树网课《冲刺·真题精讲＋模考错题回看＋翻译写作模板》二刷+库课2000题二刷·错题练习 | D43: ☐ 未完成
C44: 3.专升本英语阅读+翻译专项（45分钟） | D44: ☐ 未完成
C45: 4.词汇（30分钟）：不背单词APP转专升本词本+高频词 | D45: ☐ 未完成
A46: 2027-04-13 | B46: 周二 | C46: 1.高等数学（75分钟）：错题回顾+库课18套2道新大题+教材回读（冲刺） | D46: ☐ 未完成 | E46: =COUNTIF(D46:D49,"☑ 已完成")/COUNTA(C46:C49)
C47: 2.专升本英语（90分钟）：库课2000题二刷·错题约15题巩固+锐树网课二刷回看 | D47: ☐ 未完成
C48: 3.专升本英语完形+写作专项（45分钟） | D48: ☐ 未完成
C49: 4.词汇（30分钟）：不背单词APP转专升本词本+高频词 | D49: ☐ 未完成
A50: 2027-04-14 | B50: 周三 | C50: 1.高等数学（90分钟）：同济考前·公式速记+易错清单回顾+库课18套2题（教材二刷·冲刺） | D50: ☐ 未完成 | E50: =COUNTIF(D50:D53,"☑ 已完成")/COUNTA(C50:C53)
C51: 2.专升本英语（75分钟）：锐树网课《冲刺·真题精讲＋模考错题回看＋翻译写作模板》二刷+库课2000题二刷·错题练习 | D51: ☐ 未完成
C52: 3.专升本英语阅读+翻译专项（45分钟） | D52: ☐ 未完成
C53: 4.词汇（30分钟）：不背单词APP转专升本词本+高频词 | D53: ☐ 未完成
A54: 2027-04-15 | B54: 周四 | C54: 1.高等数学（75分钟）：错题回顾+库课18套2道新大题+教材回读（冲刺） | D54: ☐ 未完成 | E54: =COUNTIF(D54:D57,"☑ 已完成")/COUNTA(C54:C57)
C55: 2.专升本英语（90分钟）：库课2000题二刷·错题约15题巩固+锐树网课二刷回看 | D55: ☐ 未完成
C56: 3.专升本英语完形+写作专项（45分钟） | D56: ☐ 未完成
C57: 4.词汇（30分钟）：不背单词APP转专升本词本+高频词 | D57: ☐ 未完成
A58: 2027-04-16 | B58: 周五 | C58: 1.高等数学（90分钟）：同济考前最后冲刺·只做易错+适度休息+库课18套2题（教材二刷·最后冲刺） | D58: ☐ 未完成 | E58: =COUNTIF(D58:D61,"☑ 已完成")/COUNTA(C58:C61)
C59: 2.专升本英语（75分钟）：锐树网课《考前·易错清单＋锐树网课重点回看＋写作模板＋高频词汇冲刺》二刷+库课2000题二刷·错题练习 | D59: ☐ 未完成
C60: 3.专升本英语阅读+翻译专项（45分钟） | D60: ☐ 未完成
C61: 4.词汇（30分钟）：不背单词APP转专升本词本+高频词 | D61: ☐ 未完成
A62: 2027-04-17 | B62: 周六 | C62: 【专升本考试日】目标≥360（数学≥220·英语≥140）——考前只回顾易错清单 | D62: ☐ 未完成 | E62: =COUNTIF(D62:D62,"☑ 已完成")/COUNTA(C62:C62) | G62: 专升本考试日(参考2026年4/17)
A64: 月度汇总
A65: 已完成 | B65: =COUNTIF(D2:D62,"☑ 已完成")
A66: 未完成 | B66: =COUNTIF(D2:D62,"☐ 未完成")
A67: 完成率 | B67: =COUNTIF(D2:D62,"☑ 已完成")/(COUNTIF(D2:D62,"☑ 已完成")+COUNTIF(D2:D62,"☐ 未完成"))
